1,11,ASI,ADYAWINSA STAMPING INDUSTRIES
2,11,CWC,C&W Construction
3,11,AKT,CV. ADI KARYA TEKNIK
4,11,PDW,CV. PAROS DIAN WIJAYA
5,11,,Fuji Seat Co., Ltd
6,11,,GENERAL MOTOR DO BRASIL LTDA
7,11,,GLORY LTD
8,11,,General Motor (Thailand) Limited.
9,11,ITSA,INDONESIA THAI SUMMIT AUTO PT
10,11,,Joe Block
11,11,GMO,PT General Motors Indonesia Manufacturing
12,11,,PT MAJU TEKNIK UTAMA INDONESIA
13,11,,PT Melati Anugrah Baru
14,11,,PT. AFRO Pacific Indah Steel
15,11,,PT. ALPHA AUTENITE
16,11,AAA,PT. APM Armada Autoparts
17,11,AUP,PT. ARTHA UTAMA PLASINDO
18,11,ACC,PT. AUTO CIPTA CASTING
19,11,AIK,PT. AUTOCAR INDUSTRI KOMPONEN
20,11,ABA,PT. Abadi Barindo Autotech
21,11,ADK,PT. Adyawinsa Dinamika Karawang
22,11,AEP,PT. Adyawinsa Electrical & Power
23,11,APIK,PT. Adyawinsa Plastics Industries Karawang
24,11,,PT. Akebono Brake Astra Indonesia
25,11,ADM,PT. Astra Daihatsu Motor
26,11,,PT. BAHTERA CAHAYAMAS
27,11,BELLSONICA,PT. BELLSONICA INDONESIA
28,11,,PT. BUANA MULTI TECHINDO
29,11,,PT. Bekasi Metal Works Mandiri
30,11,,PT. CHUHATSU INDONESIA
31,11,,PT. DENPOO MANDIRI INDONESIA
32,11,,PT. DENSO INDONESIA
33,11,,PT. DINITO JAYA SAKTI
34,11,,PT. ENCEHA PACIFIC
35,11,EMI,PT. EXEDY Manufacturing Indonesia
36,11,,PT. EXEDY Motorcycle Indonesia
37,11,,PT. Exedy Indonesia
38,11,,PT. FCC Indonesia
39,11,FSI,PT. FUJI SEAT INDONESIA
40,11,,PT. Filtech Indonesia
41,11,GM,PT. GENERAL MOTORS INDONESIA
42,11,,PT. GIGA CREATIVE ENGINEERING
43,11,,PT. HASIL SUKSES MAKMUR
44,11,,PT. Hanwa Steel Service Indonesia
45,11,,PT. Harmonics Techindo Agung
46,11,,PT. Hartono Istana Teknologi
47,11,,PT. ICHIKOH INDONESIA
48,11,IGI,PT. IGI Center
49,11,,PT. IMAI INDONESIA
50,11,ISI,PT. INDOMOBIL SUZUKI INTERNASIONAL
51,11,,PT. INOX REKA PRESISI
52,11,,PT. INTI POLYMETAL
53,11,,PT. IRC Inoac Indonesia
54,11,,PT. Indonesia Thai Summit Auto
55,11,,PT. Inti Ganda Perdana
56,11,,PT. JTEKT Indonesia
57,11,,PT. Jaya Victori Cemerlang
58,11,,PT. Jideco Indonesia
59,11,,PT. KAHOINDAH CITRAGARMENT
60,11,,PT. KAWASHIMA ENGINEERING PLASTIC INDONESIA
61,11,,PT. Karya Bahana Unigam
62,11,,PT. KiyoKuni Technologies
63,11,,PT. Krama Yudha Tiga Berlian Motor
64,11,,PT. LEOCO Indonesia
65,11,,PT. LIMA TEKNO INDONESIA
66,11,,PT. Laser Metal Mandiri
67,11,MPI,PT. MANDIRI PRATAMA INTILOGAM
68,11,MAJ,PT. MEKAR ARMADA JAYA
69,11,,PT. MING HORNG & ASKTECHNICA INDUSTRIAL
70,11,,PT. MITRAMETAL PERKASA
71,11,,PT. MUARA GRIYA LESTARI
72,11,MSI,PT. Mah Sing Indonesia
73,11,MEIWA,PT. Meiwa Indonesia
74,11,,PT. Mitsuba Indonesia
75,11,,PT. Mitsuba Indonesia (Die Making)
76,11,MKM,PT. Mitsubishi Krama Yudha Motor & Mfg
77,11,,PT. Multi Mayaka
78,11,,PT. NUSA INDAH JAYA UTAMA
79,11,,PT. PANASONIC ELECTRIC WORKS GOBEL MANUFACTURING INDONESIA
80,11,,PT. PANASONIC MANUFACTURING INDONESIA
81,11,,PT. PINDAD (Persero)
82,11,POSMI,PT. POSMI STEEL INDONESIA
83,11,,PT. Perkakas Mitra Bakti
84,11,,PT. Pertamina (Persero)
85,11,,PT. Pricol Surya
86,11,,PT. SANKO GOSEI TECHNOLOGY INDONESIA
87,11,,PT. SANYO Indonesia
88,11,,PT. SPOUS PRIYO OKTA
89,11,,PT. SUGITY CREATIVES
90,11,SAI,PT. SUMMIT ADYAWINSA INDONESIA
91,11,,PT. Saitama Stamping Industri
92,11,SEI,PT. Sharp Electronics Indonesia
93,11,,PT. Shasco Gunakarya Piranti
94,11,,PT. Sunstar Engineering Indonesia
95,11,SIM,PT. Suzuki Indomobil Motor
96,11,,PT. TOSAN MASH
97,11,,PT. TRIMITRA CHITRAHASTA
98,11,TRIX,PT. TRIX Indonesia
99,11,,PT. TVS Motor Company Indonesia
100,11,,PT. Top Jaya Antariksa Electronics
101,11,,PT. Toyo Denso Indonesia
102,11,,PT. Toyota Boshoku Indonesia
103,11,TMMIN,PT. Toyota Motor Manufacturing Indonesia
104,11,,PT. Tri Dharma Wisesa
105,11,,PT. Tsuang Hine Industrial
106,11,,PT. VISTEON INDONESIA
107,11,,PT. WIJAYA KARYA INTRADE
108,11,,PT. Yamaha Indonesia Motor Mfg
109,11,,PT. Yamaha Motor Electronics Indonesia
110,11,,PT. Yamaha Music Manufacturing Indonesia
111,11,,PT. Yutaka Manufacturing Indonesia
112,11,,PT.ASTRA OTOPARTS Tbk
113,11,,PT.BAJA SATYA PRATAMA
114,11,,PT.FRINA LESTARI NUSANTARA
115,11,,PT.PUTRA KEMUNING
116,11,,PT.Sinar Kencana Teknik Mandiri
117,11,,PT.WOOIN
118,11,,SHARP ELECTRONICS INDONESIA
119,11,SEI,Standard
121,11,CASH- 01,TOKO FAJAR
128,11,HP,PT. Hiromindo Perkasa
213,11,213,PT. ADYAWINSA STAMPING INDUSTRIES
215,11,KSJ,PT. KOMANDO SIJALAK
241,11,241,PT. MITSUBISHI KRAMA YUDHA MOTOR & MTG
252,11,SAB,Summit Auto Body Industry CO.,LTD
263,11,FSI,PT. FUJISEAT INDONESIA
329,11,DPM,PT. DHARMA POLY METAL
403,11,FTI,PT. FUJI TECHNICA INDONESIA
417,11,MANDIRI,PT. BANK MANDIRI PERSERO TBK. CABANG KARAWANG
469,11,PJL,PT.PLATINUM JAYA LOGISTIC
509,11,BPP,PT. BESTINDO PUTRA PERKASA
523,11,BERLINDO,PT.BERLINDO MITRA UTAMA
1,15,ABDILAH,NULL
2,15,ADI PRIYANTO,NULL
3,15,AGUS DHERMAWAN,NULL
4,15,ALEK SUSENO,NULL
5,15,ALI,NULL
6,15,ANGGI,NULL
7,15,ANTON,NULL
8,15,ARI KOMO,NULL
9,15,ASEP,NULL
10,15,BEN,NULL
11,15,DEDI HARSONO,NULL
12,15,DEDI LIU,NULL
13,15,DODI IRAWAN,NULL
14,15,DWI SUSANTO,NULL
15,15,IDA KOMANG,NULL
16,15,JALAK,NULL
17,15,KIRNANTO,NULL
18,15,LIA,NULL
19,15,LISTYOWATI,NULL
20,15,RIAN,NULL
21,15,RINI,NULL
22,15,ROBI RUBAIDY,NULL
23,15,RUDIANSYAH,NULL
24,15,TEERAWAT,NULL
25,15,TONIH,NULL
26,15,YANTO PUJOHARSONO,NULL
27,15,YUANTO,NULL
28,15,YUSMAN,NULL
21,20,ADW,PT. Adyawinsa Dinamika
123,20,KP,PT. Kianis Pratama
124,20,MSS,CV. MITRA SARANA SOLUSI
126,20,RM,Ratu Mandiri
127,20,IGA,Inti Guna Agrawisesa
128,20,HP,PT. Hiromindo Perkasa
129,20,HCC,Harco Computer Centre
131,20,EP,Enceha Pacific
132,20,NI,Nusa Indah
132,20,NIJU,PT. Nusa Indah Jaya Utama
133,20,JSU,CV. Johar Semesta Utama
134,20,GE,CV. Gema Electrik
135,20,MT,Mitra Technindo
140,20,MMJ,Mekar Mas Jaya
141,20,BELT,PT. Bima Estetika Lestari Tangguh
142,20,OHS,PT. OHS
143,20,IIGI,PT. Iwatani Industrial Gas Indonesia
144,20,GI,CV. Garish Indoespec
146,20,JSB,UD. Jaya Selang Baru
147,20,OLM,PT. Omega Lestari Mandiri
148,20,CT,PT. Catra Toolsindo
149,20,PB,Prima Ban
150,20,KRI,PT. Krisbow Indonesia
153,20,PAP,PT. Petrotec Air Power
154,20,MKJ,PT. Metacom Karunia Jaya
155,20,KSJ,PT. Komando Si Jalak Yogyakarta
157,20,JC,CV. Jasa Cemerlang
158,20,QSE,Queen Star Electric
159,20,SRS,PT. Sinar Raflesia Selatan
160,20,MSS,PT. Mandiri Sukses Sentosa
164,20,TS,PT. Trimitra Swadaya
165,20,ED,CV Era Dinamika
169,20,DJA,PT. Daco Jaya Abadi
170,20,SMS,PT. Sintesa Metal Sukses
172,20,AJ,Aneka Jaya
175,20,SL,PT. Syncrum Logistic
176,20,PPS,PT. Pasar Pagi Sukses
177,20,BJ,PD. Bintang Jaya
178,20,ADSI,PT. Astra Daido Steel Indonesia
182,20,FJM,PT. Fanah Jaya Maindo
183,20,BMC,PT. Baja Mandiri Cemerlang
184,20,ASI,PT. Assab Steels Indonesia
185,20,BM,PT. Bintangmas Minomanunggal
188,20,AME,PT. Advan Metal Engineering
189,20,PN,CV. Prima Nusantara
190,20,AM,PT. AMCo MultiTech
191,20,CSM,PT. Cahaya Sukses Mandiri
194,20,YJI,PT. Yin Jin Industry
197,20,NP,CV. Nirmana Pelangi
200,20,ASP,PT. Abadi Surya Perkasa
202,20,CHJ,CV. Citra Harapan Jaya
209,20,TTI,PT. Toyota Tsusho Indonesia
214,20,TA,CV. Tirta Astro
222,20,JSSI,PT. JFE Shoji Steel Indonesia
226,20,DPL,PT. Dena Pella Lestari
232,20,ISTW,PT. Indonesia Steel Tube Works
243,20,PT. ONE HEART SOLUTION,Pekerjaan re-lay out partisi line welding Plant A
254,20,AD,PT. Altius Adhikarsa
260,20,USC,PT. United Steel Center Indonesia
261,20,HSSI,PT. Hanwa Steel Service Indonesia
262,20,PSI,PT. Posmi Steel Indonesia
263,20,FSI,PT. Fuji Seat Indonesia
264,20,SCI,PT. Steel Center Indonesia
267,20,WZS,PT. Weng Zheng Steel
269,20,ISC,PT. Indojapan Steel Center
273,20,APM,CV. Adrian Pratama Metal
274,20,CGSM,PT. Citra Galvalindo Sukses Mandiri
276,20,DPP,PT. Dharma Pprecision Parts
278,20,Sari,Bu Sari
279,20,Hotel,Citra Grand Hotel
280,20,BR,CV. Bertindo
281,20,NKC,Neoform LG 2500
282,20,PENNY SARINING ASIH,Payment for catering sai employee 16-22 september 2014
283,20,JPK,Payment for JPK Periode 1-15 September 2014
284,20,PT. Care Indonesia Solution,Pelunasan Fee Psikotest Karyawan PT. SAI
285,20,PT. EXCELLENT INFOTAMA KREASINDO,Pembayaran Excellent Zimbra VPS/Cloud Server Tipe Premium
286,20,MEI,PT. Meiwa Indonesia
287,20,NKC,PT. Nur Kartika Cemerlang
288,20,PMTI,PT. Parker Metal Treatment Indonesia
289,20,STEP,PT. Sari Takagi Elok Produk
290,20,PF,Purnama Fotocopy
1,26,IGA,PT. Inti Guna Agrawisesa
21,27,ADW,PT. Adyawinsa Dinamika
123,27,KP,PT. Kianis Pratama
124,27,MSS,CV. MITRA SARANA SOLUSI
126,27,RM,Ratu Mandiri
127,27,IGA,Inti Guna Agrawisesa
128,27,HP,PT. Hiromindo Perkasa
129,27,HCC,Harco Computer Centre
131,27,EP,Enceha Pacific
132,27,NI,Nusa Indah
132,27,NIJU,PT. Nusa Indah Jaya Utama
133,27,JSU,CV. Johar Semesta Utama
134,27,GE,CV. Gema Electrik
135,27,MT,Mitra Technindo
140,27,MMJ,Mekar Mas Jaya
141,27,BELT,PT. Bima Estetika Lestari Tangguh
142,27,OHS,PT. OHS
143,27,IIGI,PT. Iwatani Industrial Gas Indonesia
144,27,GI,CV. Garish Indoespec
146,27,JSB,UD. Jaya Selang Baru
147,27,OLM,PT. Omega Lestari Mandiri
148,27,CT,PT. Catra Toolsindo
149,27,PB,Prima Ban
150,27,KRI,PT. Krisbow Indonesia
153,27,PAP,PT. Petrotec Air Power
154,27,MKJ,PT. Metacom Karunia Jaya
155,27,KSJ,PT. Komando Si Jalak Yogyakarta
157,27,JC,CV. Jasa Cemerlang
158,27,QSE,Queen Star Electric
159,27,SRS,PT. Sinar Raflesia Selatan
160,27,MSS,PT. Mandiri Sukses Sentosa
164,27,TS,PT. Trimitra Swadaya
165,27,ED,CV Era Dinamika
169,27,DJA,PT. Daco Jaya Abadi
170,27,SMS,PT. Sintesa Metal Sukses
172,27,AJ,Aneka Jaya
175,27,SL,PT. Syncrum Logistic
176,27,PPS,PT. Pasar Pagi Sukses
177,27,BJ,PD. Bintang Jaya
178,27,ADSI,PT. Astra Daido Steel Indonesia
182,27,FJM,PT. Fanah Jaya Maindo
183,27,BMC,PT. Baja Mandiri Cemerlang
184,27,ASI,PT. Assab Steels Indonesia
185,27,BM,PT. Bintangmas Minomanunggal
188,27,AME,PT. Advan Metal Engineering
189,27,PN,CV. Prima Nusantara
190,27,AM,PT. AMCo MultiTech
191,27,CSM,PT. Cahaya Sukses Mandiri
194,27,YJI,PT. Yin Jin Industry
197,27,NP,CV. Nirmana Pelangi
200,27,ASP,PT. Abadi Surya Perkasa
202,27,CHJ,CV. Citra Harapan Jaya
209,27,TTI,PT. Toyota Tsusho Indonesia
214,27,TA,CV. Tirta Astro
222,27,JSSI,PT. JFE Shoji Steel Indonesia
226,27,DPL,PT. Dena Pella Lestari
232,27,ISTW,PT. Indonesia Steel Tube Works
243,27,PT. ONE HEART SOLUTION,Pekerjaan re-lay out partisi line welding Plant A
254,27,AD,PT. Altius Adhikarsa
260,27,USC,PT. United Steel Center Indonesia
261,27,HSSI,PT. Hanwa Steel Service Indonesia
262,27,PSI,PT. Posmi Steel Indonesia
263,27,FSI,PT. Fuji Seat Indonesia
264,27,SCI,PT. Steel Center Indonesia
267,27,WZS,PT. Weng Zheng Steel
269,27,ISC,PT. Indojapan Steel Center
273,27,APM,CV. Adrian Pratama Metal
274,27,CGSM,PT. Citra Galvalindo Sukses Mandiri
276,27,DPP,PT. Dharma Pprecision Parts
278,27,Sari,Bu Sari
279,27,Hotel,Citra Grand Hotel
280,27,BR,CV. Bertindo
281,27,NKC,Neoform LG 2500
282,27,PENNY SARINING ASIH,Payment for catering sai employee 16-22 september 2014
283,27,JPK,Payment for JPK Periode 1-15 September 2014
284,27,PT. Care Indonesia Solution,Pelunasan Fee Psikotest Karyawan PT. SAI
285,27,PT. EXCELLENT INFOTAMA KREASINDO,Pembayaran Excellent Zimbra VPS/Cloud Server Tipe Premium
286,27,MEI,PT. Meiwa Indonesia
287,27,NKC,PT. Nur Kartika Cemerlang
288,27,PMTI,PT. Parker Metal Treatment Indonesia
289,27,STEP,PT. Sari Takagi Elok Produk
290,27,PF,Purnama Fotocopy
21,30,ADW,PT. Adyawinsa Dinamika
123,30,KP,PT. Kianis Pratama
124,30,MSS,CV. MITRA SARANA SOLUSI
126,30,RM,Ratu Mandiri
127,30,IGA,Inti Guna Agrawisesa
128,30,HP,PT. Hiromindo Perkasa
129,30,HCC,Harco Computer Centre
131,30,EP,Enceha Pacific
132,30,NI,Nusa Indah
132,30,NIJU,PT. Nusa Indah Jaya Utama
133,30,JSU,CV. Johar Semesta Utama
134,30,GE,CV. Gema Electrik
135,30,MT,Mitra Technindo
140,30,MMJ,Mekar Mas Jaya
141,30,BELT,PT. Bima Estetika Lestari Tangguh
142,30,OHS,PT. OHS
143,30,IIGI,PT. Iwatani Industrial Gas Indonesia
144,30,GI,CV. Garish Indoespec
146,30,JSB,UD. Jaya Selang Baru
147,30,OLM,PT. Omega Lestari Mandiri
148,30,CT,PT. Catra Toolsindo
149,30,PB,Prima Ban
150,30,KRI,PT. Krisbow Indonesia
153,30,PAP,PT. Petrotec Air Power
154,30,MKJ,PT. Metacom Karunia Jaya
155,30,KSJ,PT. Komando Si Jalak Yogyakarta
157,30,JC,CV. Jasa Cemerlang
158,30,QSE,Queen Star Electric
159,30,SRS,PT. Sinar Raflesia Selatan
160,30,MSS,PT. Mandiri Sukses Sentosa
164,30,TS,PT. Trimitra Swadaya
165,30,ED,CV Era Dinamika
169,30,DJA,PT. Daco Jaya Abadi
170,30,SMS,PT. Sintesa Metal Sukses
172,30,AJ,Aneka Jaya
175,30,SL,PT. Syncrum Logistic
176,30,PPS,PT. Pasar Pagi Sukses
177,30,BJ,PD. Bintang Jaya
178,30,ADSI,PT. Astra Daido Steel Indonesia
182,30,FJM,PT. Fanah Jaya Maindo
183,30,BMC,PT. Baja Mandiri Cemerlang
184,30,ASI,PT. Assab Steels Indonesia
185,30,BM,PT. Bintangmas Minomanunggal
188,30,AME,PT. Advan Metal Engineering
189,30,PN,CV. Prima Nusantara
190,30,AM,PT. AMCo MultiTech
191,30,CSM,PT. Cahaya Sukses Mandiri
194,30,YJI,PT. Yin Jin Industry
197,30,NP,CV. Nirmana Pelangi
200,30,ASP,PT. Abadi Surya Perkasa
202,30,CHJ,CV. Citra Harapan Jaya
209,30,TTI,PT. Toyota Tsusho Indonesia
214,30,TA,CV. Tirta Astro
222,30,JSSI,PT. JFE Shoji Steel Indonesia
226,30,DPL,PT. Dena Pella Lestari
232,30,ISTW,PT. Indonesia Steel Tube Works
243,30,PT. ONE HEART SOLUTION,Pekerjaan re-lay out partisi line welding Plant A
254,30,AD,PT. Altius Adhikarsa
260,30,USC,PT. United Steel Center Indonesia
261,30,HSSI,PT. Hanwa Steel Service Indonesia
262,30,PSI,PT. Posmi Steel Indonesia
263,30,FSI,PT. Fuji Seat Indonesia
264,30,SCI,PT. Steel Center Indonesia
267,30,WZS,PT. Weng Zheng Steel
269,30,ISC,PT. Indojapan Steel Center
273,30,APM,CV. Adrian Pratama Metal
274,30,CGSM,PT. Citra Galvalindo Sukses Mandiri
276,30,DPP,PT. Dharma Pprecision Parts
278,30,Sari,Bu Sari
279,30,Hotel,Citra Grand Hotel
280,30,BR,CV. Bertindo
281,30,NKC,Neoform LG 2500
282,30,PENNY SARINING ASIH,Payment for catering sai employee 16-22 september 2014
283,30,JPK,Payment for JPK Periode 1-15 September 2014
284,30,PT. Care Indonesia Solution,Pelunasan Fee Psikotest Karyawan PT. SAI
285,30,PT. EXCELLENT INFOTAMA KREASINDO,Pembayaran Excellent Zimbra VPS/Cloud Server Tipe Premium
286,30,MEI,PT. Meiwa Indonesia
287,30,NKC,PT. Nur Kartika Cemerlang
288,30,PMTI,PT. Parker Metal Treatment Indonesia
289,30,STEP,PT. Sari Takagi Elok Produk
290,30,PF,Purnama Fotocopy
21,42,ADW,PT. Adyawinsa Dinamika
120,42,V1,Vendor1
122,42,TWTHUMBS,TWO THUMBS
123,42,KP,PT. Kianis Pratama
124,42,MSS,CV. MITRA SARANA SOLUSI
125,42,CASH-KRW,CASH -KARAWANG
126,42,RM,Ratu Mandiri
127,42,IGA,Inti Guna Agrawisesa
128,42,HP,PT. Hiromindo Perkasa
129,42,HCC,Harco Computer Centre
130,42,PRIMA,PRIMA COMPUTER
131,42,EP,Enceha Pacific
132,42,NIJU,PT. Nusa Indah Jaya Utama
133,42,JSU,CV. Johar Semesta Utama
134,42,GE,CV. Gema Electrik
135,42,MT,Mitra Technindo
136,42,KEI,KURODA ELEKTRIK INDONESIA
137,42,TMS,TIMUR MEGAH STEEL
138,42,KOSIM,Kosim
139,42,KRISBOW,TOKO KRISBOW KARAWANG
140,42,MMJ,Mekar Mas Jaya
141,42,BELT,PT. Bima Estetika Lestari Tangguh
142,42,OHS,PT. OHS
143,42,IIGI,PT. Iwatani Industrial Gas Indonesia
144,42,GI,CV. Garish Indoespec
145,42,ADW-KONST,ADYAWINSA KONSTRUKSI
146,42,JSB,UD. Jaya Selang Baru
147,42,OLM,PT. Omega Lestari Mandiri
148,42,CT,PT. Catra Toolsindo
149,42,PB,Prima Ban
150,42,KRI,PT. Krisbow Indonesia
151,42,INDOBEST,PT. Indobest Welder & Heater
152,42,BTI,PT. Berlian Techprint Indonesia
153,42,PAP,PT. Petrotec Air Power
154,42,MKJ,PT. Metacom Karunia Jaya
155,42,KSJ,PT. Komando Si Jalak Yogyakarta
157,42,JC,CV. Jasa Cemerlang
158,42,QSE,Queen Star Electric
159,42,SRS,PT. Sinar Raflesia Selatan
160,42,MSS,PT. Mandiri Sukses Sentosa
162,42,BRJ,PD. BUMI RAYA JAYA
163,42,LIPPO,Lippo Bangunan
164,42,TS,PT. Trimitra Swadaya
165,42,ED,CV Era Dinamika
166,42,KBT,Karya Bersama Tehnik
167,42,CASH-JKT,CASH - JAKARTA
168,42,PST,PT. PERMATA SURYA TEKNIK
169,42,DJA,PT. Daco Jaya Abadi
170,42,SMS,PT. Sintesa Metal Sukses
171,42,NKC,PT NUR KARTIKA CEMERLANG
172,42,AJ,Aneka Jaya
173,42,PAT,PT. PUTRA ALAM TEKNOLOGI
174,42,SMU,CV. SETYA MITRA USAHA
175,42,SL,PT. Syncrum Logistic
176,42,PPS,PT. Pasar Pagi Sukses
177,42,BJ,PD. Bintang Jaya
178,42,ADSI,PT. Astra Daido Steel Indonesia
182,42,FJM,PT. Fanah Jaya Maindo
183,42,BMC,PT. Baja Mandiri Cemerlang
184,42,ASI,PT. Assab Steels Indonesia
185,42,BM,PT. Bintangmas Minomanunggal
186,42,CALTESYS,PT CALTESYS INDONESIA
187,42,KAWANLAMA,PT. KAWAN LAMA SEJAHTERA LABORATORARY
188,42,AME,PT. Advan Metal Engineering
189,42,PN,CV. Prima Nusantara
190,42,AM,PT. AMCo MultiTech
191,42,CSM,PT. Cahaya Sukses Mandiri
193,42,DEPO,DEPO TEKNIK
194,42,YJI,PT. Yin Jin Industry
195,42,ATI,PT. AIR TECHNO INTERNATIONAL
196,42,RST,PT. RUKUN SEJAHTERA TEKNIK
197,42,NP,CV. Nirmana Pelangi
198,42,CITO,RS. CITO KARAWANG
199,42,DELIMAASIH,RS. DELIMA ASIH
200,42,ASP,PT. Abadi Surya Perkasa
201,42,BAYUKARTA,RS. BAYUKARTA
202,42,CHJ,CV. Citra Harapan Jaya
203,42,KBT,KARYA BERSAMA TEHNIK
204,42,ASTRAI,PT. ASTRA INTERNATIONAL Tbk - Toyota Bekasi Barat Branch
205,42,URS,PT. URS  SERVICE INDONESIA
206,42,KBM,CV KARYA BARU MANDIIRI
207,42,AJP,PT AGUNG JAYA PRANA
208,42,CMPFA,CMPFA - Universitas Indonesia
209,42,TTI,PT. Toyota Tsusho Indonesia
210,42,UNGGUL,PT. UNGGUL SEMESTA
211,42,TMI,PT. TECHNO METAL INDUSTRY
212,42,STI,PT. Seco Tools Indonesia
213,42,ASI,PT. ADYAWINSA STAMPING INDUSTRIES
214,42,TA,CV. Tirta Astro
216,42,AAM,ANUGERAH ABADI MOTOR
217,42,TLP,PT. THUBAS LIFTINDO PERKASA
218,42,EXSONIC,PT. EXSONIC INDONESIA
219,42,TGI,PT. TRANS GROSIR INDONESIA
220,42,GRAMEDIA,PT. GRAMEDIA ASRI MEDIA
221,42,POSCO,PT. POSCO IJPC
222,42,JSSI,PT. JFE Shoji Steel Indonesia
223,42,KITA,CV Kita Utama
225,42,HESSCO,PT. HESSCO DINAMIKA
226,42,DPL,PT. Dena Pella Lestari
229,42,SARANG,CV Sarang Material
230,42,DGS,PT. DARINDO GEMILANG SENTOSA
231,42,TECHNO,PT. TECHNO CARBIDE
232,42,ISTW,PT. Indonesia Steel Tube Works
233,42,RST,PT. RUKUN SEJAHTERA TEKNIK
234,42,LGA,PT. LOKA GANDA ARTHA
235,42,ZERA,CV. ZERA
236,42,ANTARINDO,PT. Antarindo Sejahtera
237,42,STP,CV. SURYA TIMUR PERKASA
238,42,CAHAYA,CV. Cahaya Abadi
239,42,IGC,INDO GLOBAL CARPET
240,42,ARTWIRE,PT. ART WIRE
241,42,MKM,PT. MITSUBISHI KRAMA YUDHA MOTOR & MTG
242,42,APK,PT. ANUGRAH PUTRA KENCANA
243,42,PT. ONE HEART SOLUTION,Pekerjaan re-lay out partisi line welding Plant A
244,42,GTM,CV. GLOBAL TEHNIK MANDIRI
245,42,FRADISIL,PT. FRADISIL JAYA
246,42,SJS,SINAR JAYA STEEL
247,42,GEMNI,ANGKUTAN GEMNI
248,42,PSS,PT. PHH SPECIAL STEEL
249,42,FPS,FUJISEI PLASTIK SEITEK
250,42,DTT,DREAM TOUR & TRAVEL
251,42,MITRA,CV. MITRA SEJATI
252,42,SAB,Summit Auto Body Industry CO.,LTD
253,42,YJI,PT. YI JIN INDUSTRY
254,42,AD,PT. Altius Adhikarsa
255,42,COMPPERINDO,COMPPERINDO
256,42,DANESTA,TOKO DANESTA YON
257,42,ANNISA,RS. ANNISA
259,42,INCHIMARU,PT. ICHIMARU KANTO INDONESIA
260,42,USC,PT. United Steel Center Indonesia
261,42,HSSI,PT. Hanwa Steel Service Indonesia
262,42,PSI,PT. Posmi Steel Indonesia
263,42,FSI,PT. Fuji Seat Indonesia
264,42,SCI,PT. Steel Center Indonesia
267,42,WZS,PT. Weng Zheng Steel
268,42,KAWANLAMA,PT. KAWAN LAMA SEJAHTERA
269,42,ISC,PT. Indojapan Steel Center
270,42,ATK,PT. RODO LENTERA
271,42,AMALAN,CV Amalan Mandiri
272,42,SINARHARAPAN,Toko Sinar Harapan
273,42,APM,CV. Adrian Pratama Metal
274,42,CGSM,PT. Citra Galvalindo Sukses Mandiri
275,42,AMC,PT. ACTMETAL INDONESIA
276,42,DPP,PT. Dharma Pprecision Parts
277,42,SUCOFINDO,PT. SUCOFINDO LABORATORIUM
278,42,Sari,Bu Sari
279,42,Hotel,Citra Grand Hotel
280,42,BR,CV. Bertindo
281,42,NKC,Neoform LG 2500
282,42,PENNY SARINING ASIH,Payment for catering sai employee 16-22 september 2014
283,42,JPK,Payment for JPK Periode 1-15 September 2014
284,42,PT. Care Indonesia Solution,Pelunasan Fee Psikotest Karyawan PT. SAI
285,42,PT. EXCELLENT INFOTAMA KREASINDO,Pembayaran Excellent Zimbra VPS/Cloud Server Tipe Premium
286,42,MEI,PT. Meiwa Indonesia
287,42,NKC,PT. Nur Kartika Cemerlang
288,42,PMTI,PT. Parker Metal Treatment Indonesia
289,42,STEP,PT. Sari Takagi Elok Produk
290,42,PF,Purnama Fotocopy
291,42,NIJU,PT. NUSA INDAH JAYA UTAMA
292,42,UI,LABORATORIUM UJI - UNIVERSITAS INDONESIA
293,42,IT-Trainee,http://www.aiag.org
294,42,ARMAS,PT. ARMAS LOGISTIC SERVICE
295,42,TSM,PT TERTAJAYA SEKAWAN MANDIRI
296,42,SMS,PT. SINTESA METAL SUKSES
297,42,NURAGA,PT. NUSANTARA NURAGA
298,42,BAT,PT. BUANA ARTA TOOLINDO
299,42,TSJ,PT. TIMUR SURYA JAYA
300,42,CIPTA,PT. ASTRA GRAPHIA TBK
301,42,ITL,PT INDO TEHNIK LINDETEVES
302,42,ILM,PT. ILM
303,42,CSS,PT. CITRA SELARAS SEJATI
304,42,POLATEKNIK,CV POLA TEHNIK
305,42,OMM,PT OTANO MULTI MESINDO
306,42,AMP,PT. ABDI METAL PRAKARSA
307,42,TMS,PT TECHNICA MANDIRI SUKSES
308,42,TRAKTOR,PT. TRAKTOR NUSANTARA
309,42,GLODOK,GLODOK JAYA
310,42,SSS,PT. SINAR SUKSES SEKAWAN
311,42,SMC,PT. SINAR MUTIARA CEMERLANG
312,42,WITRACO,PT. WITRACO INTI NIAGA
313,42,DYNAMI,PT DYNAMI MAKMUR LESTARI
314,42,CITYHOME,CITY HOME
315,42,TXTRAVEL,TX TRAVEL
316,42,CSH,RS. CITRA SARI HUSADA
317,42,HOSANA,HOSANA MEDIKA PRATAMA
318,42,MTS,PT. MENARA TECHNOLOGY SUKSES
319,42,DGP,PT. Delijaya Global Perkasa
320,42,ACME,PT. ALLINDO COIN MAS ERA
321,42,PRAMESTA,PT. PRAMESTA SEJAHTERA
322,42,KARYAHUSADA,KARYA HUSADA
323,42,TMS,PT Tiva Mandiri Sejahtera
324,42,INTAN,CV. INTAN
326,42,PILARCO,PT. PILAR CAKRAWALA
327,42,YMS,PT YAKIN MAJU SENTOSA
330,42,ATM,PT Asia Talenta Mandiri
331,42,skid pallet second,Bp. Tamam
332,42,MEDIKA,KARYA MEDIKA II
333,42,FANUC,PT. FANUC INDONESIA
334,42,YUTA,PT. YUTA JAYA
335,42,OERLIKON,PT. OERLIKON BALZERS ARTODA INDONESIA
336,42,Nano Coating,PT. NANO COATING INDONESIA
337,42,HONDAKUMALA,HONDA KUMALA MOTOR
338,42,MITHALA,PT. Mithala Karya Makmur
339,42,SMT,PT. SURYA MAJU TEHKNIK
340,42,ARYOS,ARYOS LOGISTIK
341,42,DELTASINDO,PT. DELTASINDO DWI DAYA
342,42,MBP,PT. MAJU BARENG PERKASA
343,42,RAE,PT. RIZKY ANUGRAH ENGINEERING
344,42,ANUGERAH,CV. ANUGERAH UTAMA
345,42,SEGARA,PT. SEGARA MULTI UTAMA
346,42,TOOLSINDO,PT. PUTRA TOOLSINDO
347,42,NULL,PT. BUMI NAGAO INDONESIA
348,42,SERVATEK,PT. SERVATEK ANUGERAH EKSAKTA
349,42,oil gear box,pt. Andrinusa Esatama
350,42,pallet,CV UNIVERSAL PACKAGING
351,42,wooin,PT. Woo In
1,60,KRI,PT. Krisbow Indonesia
1,63,HCC,Harco Computer Center
2,63,MKJ,PT. Metacom Karunia Jaya
21,94,ADK,PT. Adyawinsa Dinamika Karawang
120,94,V1,Vendor1
122,94,TWTHUMBS,TWO THUMBS
123,94,KIANIS,PT. Kianis Pratama
124,94,MSS,CV. MITRA SARANA SOLUSI
125,94,CASH-KRW,CASH -KARAWANG
126,94,RATU,Ratu Mandiri
127,94,IGAW,Inti Guna Agrawisesa
128,94,HIROMINDO,PT. Hiromindo Perkasa
129,94,HARCO,Harco Computer Centre
130,94,PRIMA,PRIMA COMPUTER
131,94,EP,Enceha Pacific
132,94,NUSA,PT. Nusa Indah Jaya Utama
133,94,JSU,CV. Johar Semesta Utama
134,94,GEMA,CV. Gema Electrik
135,94,TECHNINDO,Mitra Technindo
136,94,KEI,KURODA ELEKTRIK INDONESIA
137,94,TMS,TIMUR MEGAH STEEL
138,94,KOSIM,Kosim
139,94,KRISBOW,TOKO KRISBOW KARAWANG
140,94,MMJ,Mekar Mas Jaya
141,94,BELT,PT. Bima Estetika Lestari Tangguh
143,94,IWATANI,PT. Iwatani Industrial Gas Indonesia
144,94,GARISH,CV. Garish Indoespec
145,94,ADW-KONST,ADYAWINSA KONSTRUKSI
146,94,JSB,UD. Jaya Selang Baru
147,94,OLM,PT. Omega Lestari Mandiri
148,94,CATRA,PT. Catra Toolsindo
149,94,PB,Prima Ban
150,94,KRI,PT. Krisbow Indonesia
151,94,INDOBEST,PT. Indobest Welder & Heater
152,94,BTI,PT. Berlian Techprint Indonesia
153,94,PAP,PT. Petrotec Air Power
154,94,MTL,PT. Metacom Karunia Jaya
155,94,KSJ,PT. Komando Si Jalak Yogyakarta
157,94,JC,CV. Jasa Cemerlang
158,94,QSE,Queen Star Electric
159,94,SRS,PT. Sinar Raflesia Selatan
160,94,MSS,PT. Mandiri Sukses Sentosa
162,94,BRJ,PD. BUMI RAYA JAYA
163,94,LIPPO,Lippo Bangunan
164,94,TRIMITRA,PT. Trimitra Swadaya
165,94,ED,CV Era Dinamika
167,94,CASH-JKT,CASH - JAKARTA
168,94,PST,PT. PERMATA SURYA TEKNIK
169,94,DJA,PT. Daco Jaya Abadi
170,94,SMS,PT. SINTESA METAL SUKSES
171,94,NKC,PT NUR KARTIKA CEMERLANG
172,94,AJ,Aneka Jaya
173,94,PAT,PT. PUTRA ALAM TEKNOLOGI
174,94,SMU,CV. SETYA MITRA USAHA
175,94,SYNCRUM,PT. Syncrum Logistic
176,94,PPS,PT. Pasar Pagi Sukses
177,94,BJ,PD. Bintang Jaya
178,94,ADSI,PT. Astra Daido Steel Indonesia
182,94,FJM,PT. Fanah Jaya Maindo
183,94,BMC,PT. Baja Mandiri Cemerlang
184,94,ASSAB,PT. Assab Steels Indonesia
185,94,BM,PT. Bintangmas Minomanunggal
186,94,CALTESYS,PT CALTESYS INDONESIA
188,94,AME,PT. Advan Metal Engineering
189,94,PN,CV. Prima Nusantara
190,94,AMT,PT. AMCo MultiTech
191,94,CSM,PT. Cahaya Sukses Mandiri
193,94,DEPO,DEPO TEKNIK
194,94,YJI,PT. Yin Jin Industry
195,94,ATI,PT. AIR TECHNO INTERNATIONAL
196,94,RST,PT. RUKUN SEJAHTERA TEKNIK
197,94,NP,CV. Nirmana Pelangi
198,94,CITO,RS. CITO KARAWANG
199,94,DELIMAASIH,RS. DELIMA ASIH
200,94,ASP,PT. Abadi Surya Perkasa
201,94,BAYUKARTA,RS. BAYUKARTA
202,94,CHJ,CV. Citra Harapan Jaya
203,94,KBT,KARYA BERSAMA TEHNIK
204,94,ASTRAI,PT. ASTRA INTERNATIONAL Tbk - Toyota Bekasi Barat Branch
205,94,URS,PT. URS  SERVICE INDONESIA
206,94,KBM,CV KARYA BARU MANDIIRI
207,94,AJP,PT AGUNG JAYA PRANA
208,94,CMPFA,CMPFA - Universitas Indonesia
209,94,TTI,PT. Toyota Tsusho Indonesia
210,94,UNGGUL,PT. UNGGUL SEMESTA
211,94,TMI,PT. TECHNO METAL INDUSTRY
212,94,STI,PT. Seco Tools Indonesia
213,94,ASI,PT. ADYAWINSA STAMPING INDUSTRIES
214,94,TA,CV. Tirta Astro
216,94,AAM,ANUGERAH ABADI MOTOR
217,94,TLP,PT. THUBAS LIFTINDO PERKASA
218,94,EXSONIC,PT. EXSONIC INDONESIA
219,94,TGI,PT. TRANS GROSIR INDONESIA
220,94,GRAMEDIA,PT. GRAMEDIA ASRI MEDIA
221,94,POSCO,PT. POSCO IJPC
222,94,JSSI,PT. JFE Shoji Steel Indonesia
223,94,KITA,CV Kita Utama
225,94,HESSCO,PT. HESSCO DINAMIKA
226,94,DPL,PT. Dena Pella Lestari
229,94,SARANG,CV Sarang Material
230,94,DGS,PT. DARINDO GEMILANG SENTOSA
231,94,TECHNO,PT. TECHNO CARBIDE
232,94,ISTW,PT. Indonesia Steel Tube Works
233,94,RST,PT. RUKUN SEJAHTERA TEKNIK
234,94,LGA,PT. LOKA GANDA ARTHA
235,94,ZERA,CV. ZERA
236,94,ANTARINDO,PT. Antarindo Sejahtera
237,94,STP,CV. SURYA TIMUR PERKASA
238,94,CAHAYA,CV. Cahaya Abadi
239,94,IGC,INDO GLOBAL CARPET
240,94,ARTWIRE,PT. ART WIRE
241,94,MKM,PT. MITSUBISHI KRAMA YUDHA MOTOR & MTG
242,94,APK,PT. ANUGRAH PUTRA KENCANA
243,94,OHS,PT. ONE HEART SOLUTION
244,94,GTM,CV. GLOBAL TEHNIK MANDIRI
245,94,FRADISIL,PT. FRADISIL JAYA
246,94,SJS,SINAR JAYA STEEL
247,94,GEMNI,ANGKUTAN GEMNI
248,94,PSS,PT. PHH SPECIAL STEEL
249,94,FPS,FUJISEI PLASTIK SEITEK
250,94,DREAMTOUR,DREAM TOUR & TRAVEL
251,94,MITRA,CV. MITRA SEJATI
252,94,SAB,Summit Auto Body Industry CO.,LTD
253,94,YJI,PT. YI JIN INDUSTRY
254,94,ALTIUS,PT. Altius Adhikarsa
255,94,COMPPERINDO,COMPPERINDO
256,94,DANESTA,TOKO DANESTA YON
257,94,ANNISA,RS. ANNISA
259,94,ICHIMARU,PT. ICHIMARU KANTO INDONESIA
260,94,USC,PT. United Steel Center Indonesia
261,94,HSSI,PT. Hanwa Steel Service Indonesia
262,94,POSMI,PT. Posmi Steel Indonesia
263,94,FSI,PT. Fuji Seat Indonesia
264,94,SCI,PT. Steel Center Indonesia
267,94,WZS,PT. Weng Zheng Steel
268,94,KAWANLAMA,PT. KAWAN LAMA SEJAHTERA
269,94,IJSC,PT. Indojapan Steel Center
270,94,RODO,PT. RODO LENTERA
271,94,AMALAN,CV Amalan Mandiri
272,94,SINARHARAPAN,Toko Sinar Harapan
273,94,APM,CV. Adrian Pratama Metal
274,94,CGSM,PT. Citra Galvalindo Sukses Mandiri
275,94,AMC,PT. ACTMETAL INDONESIA
276,94,DPP,PT. Dharma Pprecision Parts
277,94,SUCOFINDO,PT. SUCOFINDO LABORATORIUM
278,94,UM,CV. USAHA MANDIRI
279,94,MEIWA,PT. MEIWA INDONESIA
280,94,Tosama,CV. Bertindo
281,94,KANETSU,Neoform LG 2500
282,94,SPM,Payment for catering sai employee 16-22 september 2014
283,94,BEARING,TOKO GUNA BEARING
284,94,CIS,PT. CARE INDONESIA SOLUSI
285,94,ATE,Pembayaran Excellent Zimbra VPS/Cloud Server Tipe Premium
286,94,STEP,PT. Meiwa Indonesia
287,94,TOYOKI,PT. TOYOKI INDONESIA
288,94,GCM,PT. GAPA CITRA MANDIRI
289,94,STEP,PT. Sari Takagi Elok Produk
290,94,PF,Purnama Fotocopy
291,94,NIJU,PT. NUSA INDAH JAYA UTAMA
292,94,UI,LABORATORIUM UJI - UNIVERSITAS INDONESIA
293,94,IT-Trainee,http://www.aiag.org
294,94,ARMAS,PT. ARMAS LOGISTIC SERVICE
295,94,TSM,PT TERTAJAYA SEKAWAN MANDIRI
297,94,NURAGA,PT. NUSANTARA NURAGA
298,94,BAT,PT. BUANA ARTA TOOLINDO
299,94,TSJ,PT. TIMUR SURYA JAYA
300,94,AG,PT. ASTRA GRAPHIA TBK
301,94,ITL,PT INDO TEHNIK LINDETEVES
302,94,ILM,PT. ILM
303,94,CSS,PT. CITRA SELARAS SEJATI
304,94,POLATEKNIK,CV POLA TEHNIK
305,94,OMM,PT OTANO MULTI MESINDO
306,94,AMP,PT. ABDI METAL PRAKARSA
307,94,TMS,PT TECHNICA MANDIRI SUKSES
308,94,TRAKTOR,PT. TRAKTOR NUSANTARA
309,94,GLODOK,GLODOK JAYA
310,94,SSS,PT. SINAR SUKSES SEKAWAN
311,94,SMC,PT. SINAR MUTIARA CEMERLANG
312,94,WITRACO,PT. WITRACO INTI NIAGA
313,94,DYNAMI,PT DYNAMI MAKMUR LESTARI
314,94,CITYHOME,CITY HOME
315,94,TXTRAVEL,TX TRAVEL
316,94,CSH,RS. CITRA SARI HUSADA
317,94,HOSANA,HOSANA MEDIKA PRATAMA
318,94,MTS,PT. MENARA TECHNOLOGY SUKSES
319,94,DGP,PT. Delijaya Global Perkasa
320,94,ACME,PT. ALLINDO COIN MAS ERA
321,94,PRAMESTA,PT. PRAMESTA SEJAHTERA
322,94,KARYAHUSADA,KARYA HUSADA
323,94,TMS,PT Tiva Mandiri Sejahtera
324,94,INTAN,CV. INTAN
326,94,PILARCO,PT. PILAR CAKRAWALA
327,94,YMS,PT YAKIN MAJU SENTOSA
330,94,ATM,PT Asia Talenta Mandiri
331,94,TAMAM,Bp. Tamam
332,94,MEDIKA,KARYA MEDIKA II
333,94,FANUC,PT. FANUC INDONESIA
334,94,YUTA,PT. YUTA JAYA
335,94,OERLIKON,PT. OERLIKON BALZERS ARTODA INDONESIA
336,94,NCI,PT. NANO COATING INDONESIA
337,94,HONDAKUMALA,HONDA KUMALA MOTOR
338,94,MITHALA,PT. Mithala Karya Makmur
339,94,SMT,PT. SURYA MAJU TEHKNIK
340,94,ARYOS,ARYOS LOGISTIK
341,94,DELTASINDO,PT. DELTASINDO DWI DAYA
342,94,MBP,PT. MAJU BARENG PERKASA
343,94,RAE,PT. RIZKY ANUGRAH ENGINEERING
344,94,ANUGERAH,CV. ANUGERAH UTAMA
345,94,SEGARA,PT. SEGARA MULTI UTAMA
346,94,TOOLSINDO,PT. PUTRA TOOLSINDO
347,94,NULL,PT. BUMI NAGAO INDONESIA
348,94,SERVATEK,PT. SERVATEK ANUGERAH EKSAKTA
349,94,AE,pt. Andrinusa Esatama
350,94,UP,CV UNIVERSAL PACKAGING
351,94,wooin,PT. Woo In
352,94,KGS,CV. KERSA GUNA SENTOSA
354,94,ZN,CV. ZASKIA NUR
355,94,GTI,PT. GRAHA TECHNOSOFT INFORMATIKA
358,94,SPD,PT. SIVA PARAMA DHANA
359,94,Wijaya,Wijaya Catering
361,94,KM,PT. KALUNG METALINDO
362,94,IMS,CV. INFO MEGA SARANA
363,94,AIDA,PT. AIDA INDONESIA
364,94,HENS,PT. HENS MAKMUR SEJAHTERA
365,94,EIK,PT. EXCELLENT INFOTAMA KREASINDO
366,94,IS,PT. INDOSERAKO SEJAHTERA
367,94,PERDANA,CV. PERDANA CATERING
368,94,KALIKA,PT. KALIKA SULOSINDO
369,94,CM,PT. CORE MEDIATECH
372,94,NUT,PT. SUGIURA INDONESIA
375,94,MAU,PT. MITRA  ASMOCO UTAMA
376,94,NJ,CV. NHOFAL JAYA
378,94,KJT,CV. KEMBAR JAYA TEHNIK
379,94,INP,PT. INDRAGRAHA NUSA PLASINDO
380,94,ISLAM,RS. ISLAM KARAWANG
382,94,TMA,PT. TRININDO MITRA  ABADI
383,94,PSP,PT. PHILLIPPE SURYA PRATAMA
384,94,RHJ,PT. RODA HAMMERINDO JAYA
385,94,RKS,PT. RODA KAWAN SEJAHTERA
386,94,TOSIDA,PT. TOSIDA  ANUGRAH INSAN SELARAS
392,94,GMIM,PT General Motors Indonesia Manufacturing
393,94,3S,PT. TIGA SAUDARA PUTRI
396,94,IKT,PT. IMEDAL KARYA TEKNIK
398,94,TAHARICA,PT. TAHARICA
399,94,DSL,PT. DSL INDONESIA
400,94,MOSSI,PT. METAL ONE STEEL SERVICE INDONESIA
402,94,WTC,PT. WAJA TEHNIK CIKARANG
404,94,RAE,PT. RIZKY ANUGERAH ENGINEERING
405,94,forklift,PT. PROTON LIFTINDO
406,94,accu,CV. BULUKUMBA JAYA
408,94,DLM,PT. DUTA LASERINDO METAL
412,94,FE,PT. FLOWMINE ENGINEERING
414,94,BLIM,PT. BERSAMA LIM MAJU
420,94,MCC,PT. METAPLAS CITRA CEMERLANG
422,94,NSI,PT. NUSANTARA SECOM INFOTECH
423,94,DM,CV. Dinamika Manunggal
478,94,TINNO,CV. TINNO WIJAYA
500,94,ADW,PT. ADYAWINSA DINAMIKA
501,94,AS,PT. ANEKA STANDARD
502,94,BUT,PT. BAHANA UNINDO TEHNIK
503,94,DPK,PT. DHARMAMULIA PRIMA KARYA
504,94,CGH,CITRA GRAND HOTEL
505,94,JN,JAVA NEERING
506,94,NESS,NINER EIGHT SECURITY SOLUTION
507,94,SARI,PENNY SARINING ASIH
508,94,KJPP TOHA,KJPP TOHA
21,95,ADK,PT. Adyawinsa Dinamika Karawang
120,95,V1,Vendor1
122,95,TWTHUMBS,TWO THUMBS
123,95,KIANIS,PT. Kianis Pratama
124,95,MSS,CV. MITRA SARANA SOLUSI
125,95,CASH-KRW,CASH -KARAWANG
126,95,RATU,Ratu Mandiri
127,95,IGAW,Inti Guna Agrawisesa
128,95,HIROMINDO,PT. Hiromindo Perkasa
129,95,HARCO,Harco Computer Centre
130,95,PRIMA,PRIMA COMPUTER
131,95,EP,Enceha Pacific
132,95,NUSA,PT. Nusa Indah Jaya Utama
133,95,JSU,CV. Johar Semesta Utama
134,95,GEMA,CV. Gema Electrik
135,95,TECHNINDO,Mitra Technindo
136,95,KEI,KURODA ELEKTRIK INDONESIA
137,95,TMS,TIMUR MEGAH STEEL
138,95,KOSIM,Kosim
139,95,KRISBOW,TOKO KRISBOW KARAWANG
140,95,MMJ,Mekar Mas Jaya
141,95,BELT,PT. Bima Estetika Lestari Tangguh
143,95,IWATANI,PT. Iwatani Industrial Gas Indonesia
144,95,GARISH,CV. Garish Indoespec
145,95,ADW-KONST,ADYAWINSA KONSTRUKSI
146,95,JSB,UD. Jaya Selang Baru
147,95,OLM,PT. Omega Lestari Mandiri
148,95,CATRA,PT. Catra Toolsindo
149,95,PB,Prima Ban
150,95,KRI,PT. Krisbow Indonesia
151,95,INDOBEST,PT. Indobest Welder & Heater
152,95,BTI,PT. Berlian Techprint Indonesia
153,95,PAP,PT. Petrotec Air Power
154,95,MTL,PT. Metacom Karunia Jaya
155,95,KSJ,PT. Komando Si Jalak Yogyakarta
157,95,JC,CV. Jasa Cemerlang
158,95,QSE,Queen Star Electric
159,95,SRS,PT. Sinar Raflesia Selatan
160,95,MSS,PT. Mandiri Sukses Sentosa
162,95,BRJ,PD. BUMI RAYA JAYA
163,95,LIPPO,Lippo Bangunan
164,95,TRIMITRA,PT. Trimitra Swadaya
165,95,ED,CV Era Dinamika
167,95,CASH-JKT,CASH - JAKARTA
168,95,PST,PT. PERMATA SURYA TEKNIK
169,95,DJA,PT. Daco Jaya Abadi
170,95,SMS,PT. SINTESA METAL SUKSES
171,95,NKC,PT NUR KARTIKA CEMERLANG
172,95,AJ,Aneka Jaya
173,95,PAT,PT. PUTRA ALAM TEKNOLOGI
174,95,SMU,CV. SETYA MITRA USAHA
175,95,SYNCRUM,PT. Syncrum Logistic
176,95,PPS,PT. Pasar Pagi Sukses
177,95,BJ,PD. Bintang Jaya
178,95,ADSI,PT. Astra Daido Steel Indonesia
182,95,FJM,PT. Fanah Jaya Maindo
183,95,BMC,PT. Baja Mandiri Cemerlang
184,95,ASSAB,PT. Assab Steels Indonesia
185,95,BM,PT. Bintangmas Minomanunggal
186,95,CALTESYS,PT CALTESYS INDONESIA
188,95,AME,PT. Advan Metal Engineering
189,95,PN,CV. Prima Nusantara
190,95,AMT,PT. AMCo MultiTech
191,95,CSM,PT. Cahaya Sukses Mandiri
193,95,DEPO,DEPO TEKNIK
194,95,YJI,PT. Yin Jin Industry
195,95,ATI,PT. AIR TECHNO INTERNATIONAL
196,95,RST,PT. RUKUN SEJAHTERA TEKNIK
197,95,NP,CV. Nirmana Pelangi
198,95,CITO,RS. CITO KARAWANG
199,95,DELIMAASIH,RS. DELIMA ASIH
200,95,ASP,PT. Abadi Surya Perkasa
201,95,BAYUKARTA,RS. BAYUKARTA
202,95,CHJ,CV. Citra Harapan Jaya
203,95,KBT,KARYA BERSAMA TEHNIK
204,95,ASTRAI,PT. ASTRA INTERNATIONAL Tbk - Toyota Bekasi Barat Branch
205,95,URS,PT. URS  SERVICE INDONESIA
206,95,KBM,CV KARYA BARU MANDIIRI
207,95,AJP,PT AGUNG JAYA PRANA
208,95,CMPFA,CMPFA - Universitas Indonesia
209,95,TTI,PT. Toyota Tsusho Indonesia
210,95,UNGGUL,PT. UNGGUL SEMESTA
211,95,TMI,PT. TECHNO METAL INDUSTRY
212,95,STI,PT. Seco Tools Indonesia
213,95,ASI,PT. ADYAWINSA STAMPING INDUSTRIES
214,95,TA,CV. Tirta Astro
216,95,AAM,ANUGERAH ABADI MOTOR
217,95,TLP,PT. THUBAS LIFTINDO PERKASA
218,95,EXSONIC,PT. EXSONIC INDONESIA
219,95,TGI,PT. TRANS GROSIR INDONESIA
220,95,GRAMEDIA,PT. GRAMEDIA ASRI MEDIA
221,95,POSCO,PT. POSCO IJPC
222,95,JSSI,PT. JFE Shoji Steel Indonesia
223,95,KITA,CV Kita Utama
225,95,HESSCO,PT. HESSCO DINAMIKA
226,95,DPL,PT. Dena Pella Lestari
229,95,SARANG,CV Sarang Material
230,95,DGS,PT. DARINDO GEMILANG SENTOSA
231,95,TECHNO,PT. TECHNO CARBIDE
232,95,ISTW,PT. Indonesia Steel Tube Works
233,95,RST,PT. RUKUN SEJAHTERA TEKNIK
234,95,LGA,PT. LOKA GANDA ARTHA
235,95,ZERA,CV. ZERA
236,95,ANTARINDO,PT. Antarindo Sejahtera
237,95,STP,CV. SURYA TIMUR PERKASA
238,95,CAHAYA,CV. Cahaya Abadi
239,95,IGC,INDO GLOBAL CARPET
240,95,ARTWIRE,PT. ART WIRE
241,95,MKM,PT. MITSUBISHI KRAMA YUDHA MOTOR & MTG
242,95,APK,PT. ANUGRAH PUTRA KENCANA
243,95,OHS,PT. ONE HEART SOLUTION
244,95,GTM,CV. GLOBAL TEHNIK MANDIRI
245,95,FRADISIL,PT. FRADISIL JAYA
246,95,SJS,SINAR JAYA STEEL
247,95,GEMNI,ANGKUTAN GEMNI
248,95,PSS,PT. PHH SPECIAL STEEL
249,95,FPS,FUJISEI PLASTIK SEITEK
250,95,DREAMTOUR,DREAM TOUR & TRAVEL
251,95,MITRA,CV. MITRA SEJATI
252,95,SAB,Summit Auto Body Industry CO.,LTD
253,95,YJI,PT. YI JIN INDUSTRY
254,95,ALTIUS,PT. Altius Adhikarsa
255,95,COMPPERINDO,COMPPERINDO
256,95,DANESTA,TOKO DANESTA YON
257,95,ANNISA,RS. ANNISA
259,95,ICHIMARU,PT. ICHIMARU KANTO INDONESIA
260,95,USC,PT. United Steel Center Indonesia
261,95,HSSI,PT. Hanwa Steel Service Indonesia
262,95,POSMI,PT. Posmi Steel Indonesia
263,95,FSI,PT. Fuji Seat Indonesia
264,95,SCI,PT. Steel Center Indonesia
267,95,WZS,PT. Weng Zheng Steel
268,95,KAWANLAMA,PT. KAWAN LAMA SEJAHTERA
269,95,IJSC,PT. Indojapan Steel Center
270,95,RODO,PT. RODO LENTERA
271,95,AMALAN,CV Amalan Mandiri
272,95,SINARHARAPAN,Toko Sinar Harapan
273,95,APM,CV. Adrian Pratama Metal
274,95,CGSM,PT. Citra Galvalindo Sukses Mandiri
275,95,AMC,PT. ACTMETAL INDONESIA
276,95,DPP,PT. Dharma Pprecision Parts
277,95,SUCOFINDO,PT. SUCOFINDO LABORATORIUM
278,95,UM,CV. USAHA MANDIRI
279,95,MEIWA,PT. MEIWA INDONESIA
280,95,Tosama,CV. Bertindo
281,95,KANETSU,Neoform LG 2500
282,95,SPM,Payment for catering sai employee 16-22 september 2014
283,95,BEARING,TOKO GUNA BEARING
284,95,CIS,PT. CARE INDONESIA SOLUSI
285,95,ATE,Pembayaran Excellent Zimbra VPS/Cloud Server Tipe Premium
286,95,STEP,PT. Meiwa Indonesia
287,95,TOYOKI,PT. TOYOKI INDONESIA
288,95,GCM,PT. GAPA CITRA MANDIRI
289,95,STEP,PT. Sari Takagi Elok Produk
290,95,PF,Purnama Fotocopy
291,95,NIJU,PT. NUSA INDAH JAYA UTAMA
292,95,UI,LABORATORIUM UJI - UNIVERSITAS INDONESIA
293,95,IT-Trainee,http://www.aiag.org
294,95,ARMAS,PT. ARMAS LOGISTIC SERVICE
295,95,TSM,PT TERTAJAYA SEKAWAN MANDIRI
297,95,NURAGA,PT. NUSANTARA NURAGA
298,95,BAT,PT. BUANA ARTA TOOLINDO
299,95,TSJ,PT. TIMUR SURYA JAYA
300,95,AG,PT. ASTRA GRAPHIA TBK
301,95,ITL,PT INDO TEHNIK LINDETEVES
302,95,ILM,PT. ILM
303,95,CSS,PT. CITRA SELARAS SEJATI
304,95,POLATEKNIK,CV POLA TEHNIK
305,95,OMM,PT OTANO MULTI MESINDO
306,95,AMP,PT. ABDI METAL PRAKARSA
307,95,TMS,PT TECHNICA MANDIRI SUKSES
308,95,TRAKTOR,PT. TRAKTOR NUSANTARA
309,95,GLODOK,GLODOK JAYA
310,95,SSS,PT. SINAR SUKSES SEKAWAN
311,95,SMC,PT. SINAR MUTIARA CEMERLANG
312,95,WITRACO,PT. WITRACO INTI NIAGA
313,95,DYNAMI,PT DYNAMI MAKMUR LESTARI
314,95,CITYHOME,CITY HOME
315,95,TXTRAVEL,TX TRAVEL
316,95,CSH,RS. CITRA SARI HUSADA
317,95,HOSANA,HOSANA MEDIKA PRATAMA
318,95,MTS,PT. MENARA TECHNOLOGY SUKSES
319,95,DGP,PT. Delijaya Global Perkasa
320,95,ACME,PT. ALLINDO COIN MAS ERA
321,95,PRAMESTA,PT. PRAMESTA SEJAHTERA
322,95,KARYAHUSADA,KARYA HUSADA
323,95,TMS,PT Tiva Mandiri Sejahtera
324,95,INTAN,CV. INTAN
326,95,PILARCO,PT. PILAR CAKRAWALA
327,95,YMS,PT YAKIN MAJU SENTOSA
330,95,ATM,PT Asia Talenta Mandiri
331,95,TAMAM,Bp. Tamam
332,95,MEDIKA,KARYA MEDIKA II
333,95,FANUC,PT. FANUC INDONESIA
334,95,YUTA,PT. YUTA JAYA
335,95,OERLIKON,PT. OERLIKON BALZERS ARTODA INDONESIA
336,95,NCI,PT. NANO COATING INDONESIA
337,95,HONDAKUMALA,HONDA KUMALA MOTOR
338,95,MITHALA,PT. Mithala Karya Makmur
339,95,SMT,PT. SURYA MAJU TEHKNIK
340,95,ARYOS,ARYOS LOGISTIK
341,95,DELTASINDO,PT. DELTASINDO DWI DAYA
342,95,MBP,PT. MAJU BARENG PERKASA
343,95,RAE,PT. RIZKY ANUGRAH ENGINEERING
344,95,ANUGERAH,CV. ANUGERAH UTAMA
345,95,SEGARA,PT. SEGARA MULTI UTAMA
346,95,TOOLSINDO,PT. PUTRA TOOLSINDO
347,95,NULL,PT. BUMI NAGAO INDONESIA
348,95,SERVATEK,PT. SERVATEK ANUGERAH EKSAKTA
349,95,AE,pt. Andrinusa Esatama
350,95,UP,CV UNIVERSAL PACKAGING
351,95,wooin,PT. Woo In
352,95,KGS,CV. KERSA GUNA SENTOSA
354,95,ZN,CV. ZASKIA NUR
355,95,GTI,PT. GRAHA TECHNOSOFT INFORMATIKA
358,95,SPD,PT. SIVA PARAMA DHANA
359,95,Wijaya,Wijaya Catering
361,95,KM,PT. KALUNG METALINDO
362,95,IMS,CV. INFO MEGA SARANA
363,95,AIDA,PT. AIDA INDONESIA
364,95,HENS,PT. HENS MAKMUR SEJAHTERA
365,95,EIK,PT. EXCELLENT INFOTAMA KREASINDO
366,95,IS,PT. INDOSERAKO SEJAHTERA
367,95,PERDANA,CV. PERDANA CATERING
368,95,KALIKA,PT. KALIKA SULOSINDO
369,95,CM,PT. CORE MEDIATECH
372,95,NUT,PT. SUGIURA INDONESIA
375,95,MAU,PT. MITRA  ASMOCO UTAMA
376,95,NJ,CV. NHOFAL JAYA
378,95,KJT,CV. KEMBAR JAYA TEHNIK
379,95,INP,PT. INDRAGRAHA NUSA PLASINDO
380,95,ISLAM,RS. ISLAM KARAWANG
382,95,TMA,PT. TRININDO MITRA  ABADI
383,95,PSP,PT. PHILLIPPE SURYA PRATAMA
384,95,RHJ,PT. RODA HAMMERINDO JAYA
385,95,RKS,PT. RODA KAWAN SEJAHTERA
386,95,TOSIDA,PT. TOSIDA  ANUGRAH INSAN SELARAS
392,95,GMIM,PT General Motors Indonesia Manufacturing
393,95,3S,PT. TIGA SAUDARA PUTRI
396,95,IKT,PT. IMEDAL KARYA TEKNIK
398,95,TAHARICA,PT. TAHARICA
399,95,DSL,PT. DSL INDONESIA
400,95,MOSSI,PT. METAL ONE STEEL SERVICE INDONESIA
402,95,WTC,PT. WAJA TEHNIK CIKARANG
404,95,RAE,PT. RIZKY ANUGERAH ENGINEERING
405,95,forklift,PT. PROTON LIFTINDO
406,95,accu,CV. BULUKUMBA JAYA
408,95,DLM,PT. DUTA LASERINDO METAL
412,95,FE,PT. FLOWMINE ENGINEERING
414,95,BLIM,PT. BERSAMA LIM MAJU
420,95,MCC,PT. METAPLAS CITRA CEMERLANG
422,95,NSI,PT. NUSANTARA SECOM INFOTECH
500,95,ADW,PT. ADYAWINSA DINAMIKA
501,95,AS,PT. ANEKA STANDARD
502,95,BUT,PT. BAHANA UNINDO TEHNIK
503,95,DPK,PT. DHARMAMULIA PRIMA KARYA
504,95,CGH,CITRA GRAND HOTEL
505,95,JN,JAVA NEERING
506,95,NESS,NINER EIGHT SECURITY SOLUTION
507,95,SARI,PENNY SARINING ASIH
508,95,KJPP TOHA,KJPP TOHA
1,100,DPK,Dharmamulia Prima Karya
2,100,KSJ,Komando Sijalak
3,100,PLN,PT. PLN (Persero)
1,101,JPK,Jaminan Pemeliharaan Kesehatan
1,111,PPH21,PPH 21
2,111,PPH 23,PPH 23 Supllier
3,111,PPH 25,PPH 25 Badan
4,111,PPH 4(2),PPH Pasal 4 ayat 2
5,111,PPN,PPN
1,121,ADK,Adyawinsa Dinamika Karawang
2,121,APIK,APIK
1,124,Fera,Bu Fera
6,133,Forklift,2 unit Forklift FDZN25
7,133,Alphard,1 Toyota Alphard
8,133,Mobilio,1 Honda Mobilio
1,141,ASI,ADYAWINSA STAMPING INDUSTRIES
2,141,CWC,C&W Construction
3,141,AKT,CV. ADI KARYA TEKNIK
4,141,PDW,CV. PAROS DIAN WIJAYA
5,141,,Fuji Seat Co., Ltd
6,141,,GENERAL MOTOR DO BRASIL LTDA
7,141,,GLORY LTD
8,141,,General Motor (Thailand) Limited.
9,141,ITSA,INDONESIA THAI SUMMIT AUTO PT
10,141,,Joe Block
11,141,GMO,PT General Motors Indonesia Manufacturing
12,141,,PT MAJU TEKNIK UTAMA INDONESIA
13,141,,PT Melati Anugrah Baru
14,141,,PT. AFRO Pacific Indah Steel
15,141,,PT. ALPHA AUTENITE
16,141,AAA,PT. APM Armada Autoparts
17,141,AUP,PT. ARTHA UTAMA PLASINDO
18,141,ACC,PT. AUTO CIPTA CASTING
19,141,AIK,PT. AUTOCAR INDUSTRI KOMPONEN
20,141,ABA,PT. Abadi Barindo Autotech
21,141,ADK,PT. Adyawinsa Dinamika Karawang
22,141,AEP,PT. Adyawinsa Electrical & Power
23,141,APIK,PT. Adyawinsa Plastics Industries Karawang
24,141,,PT. Akebono Brake Astra Indonesia
25,141,ADM,PT. Astra Daihatsu Motor
26,141,,PT. BAHTERA CAHAYAMAS
27,141,BELLSONICA,PT. BELLSONICA INDONESIA
28,141,,PT. BUANA MULTI TECHINDO
29,141,,PT. Bekasi Metal Works Mandiri
30,141,,PT. CHUHATSU INDONESIA
31,141,,PT. DENPOO MANDIRI INDONESIA
32,141,,PT. DENSO INDONESIA
33,141,,PT. DINITO JAYA SAKTI
34,141,,PT. ENCEHA PACIFIC
35,141,EMI,PT. EXEDY Manufacturing Indonesia
36,141,,PT. EXEDY Motorcycle Indonesia
37,141,,PT. Exedy Indonesia
38,141,,PT. FCC Indonesia
39,141,FSI,PT. FUJI SEAT INDONESIA
40,141,,PT. Filtech Indonesia
41,141,GM,PT. GENERAL MOTORS INDONESIA
42,141,,PT. GIGA CREATIVE ENGINEERING
43,141,,PT. HASIL SUKSES MAKMUR
44,141,,PT. Hanwa Steel Service Indonesia
45,141,,PT. Harmonics Techindo Agung
46,141,,PT. Hartono Istana Teknologi
47,141,,PT. ICHIKOH INDONESIA
48,141,IGI,PT. IGI Center
49,141,,PT. IMAI INDONESIA
50,141,ISI,PT. INDOMOBIL SUZUKI INTERNASIONAL
51,141,,PT. INOX REKA PRESISI
52,141,,PT. INTI POLYMETAL
53,141,,PT. IRC Inoac Indonesia
54,141,,PT. Indonesia Thai Summit Auto
55,141,,PT. Inti Ganda Perdana
56,141,,PT. JTEKT Indonesia
57,141,,PT. Jaya Victori Cemerlang
58,141,,PT. Jideco Indonesia
59,141,,PT. KAHOINDAH CITRAGARMENT
60,141,,PT. KAWASHIMA ENGINEERING PLASTIC INDONESIA
61,141,,PT. Karya Bahana Unigam
62,141,,PT. KiyoKuni Technologies
63,141,,PT. Krama Yudha Tiga Berlian Motor
64,141,,PT. LEOCO Indonesia
65,141,,PT. LIMA TEKNO INDONESIA
66,141,,PT. Laser Metal Mandiri
67,141,MPI,PT. MANDIRI PRATAMA INTILOGAM
68,141,MAJ,PT. MEKAR ARMADA JAYA
69,141,,PT. MING HORNG & ASKTECHNICA INDUSTRIAL
70,141,,PT. MITRAMETAL PERKASA
71,141,,PT. MUARA GRIYA LESTARI
72,141,MSI,PT. Mah Sing Indonesia
73,141,MEIWA,PT. Meiwa Indonesia
74,141,,PT. Mitsuba Indonesia
75,141,,PT. Mitsuba Indonesia (Die Making)
76,141,MKM,PT. Mitsubishi Krama Yudha Motor & Mfg
77,141,,PT. Multi Mayaka
78,141,,PT. NUSA INDAH JAYA UTAMA
79,141,,PT. PANASONIC ELECTRIC WORKS GOBEL MANUFACTURING INDONESIA
80,141,,PT. PANASONIC MANUFACTURING INDONESIA
81,141,,PT. PINDAD (Persero)
82,141,POSMI,PT. POSMI STEEL INDONESIA
83,141,,PT. Perkakas Mitra Bakti
84,141,,PT. Pertamina (Persero)
85,141,,PT. Pricol Surya
86,141,,PT. SANKO GOSEI TECHNOLOGY INDONESIA
87,141,,PT. SANYO Indonesia
88,141,,PT. SPOUS PRIYO OKTA
89,141,,PT. SUGITY CREATIVES
90,141,SAI,PT. SUMMIT ADYAWINSA INDONESIA
91,141,,PT. Saitama Stamping Industri
92,141,SEI,PT. Sharp Electronics Indonesia
93,141,,PT. Shasco Gunakarya Piranti
94,141,,PT. Sunstar Engineering Indonesia
95,141,SIM,PT. Suzuki Indomobil Motor
96,141,,PT. TOSAN MASH
97,141,,PT. TRIMITRA CHITRAHASTA
98,141,TRIX,PT. TRIX Indonesia
99,141,,PT. TVS Motor Company Indonesia
100,141,,PT. Top Jaya Antariksa Electronics
101,141,,PT. Toyo Denso Indonesia
102,141,,PT. Toyota Boshoku Indonesia
103,141,TMMIN,PT. Toyota Motor Manufacturing Indonesia
104,141,,PT. Tri Dharma Wisesa
105,141,,PT. Tsuang Hine Industrial
106,141,,PT. VISTEON INDONESIA
107,141,,PT. WIJAYA KARYA INTRADE
108,141,,PT. Yamaha Indonesia Motor Mfg
109,141,,PT. Yamaha Motor Electronics Indonesia
110,141,,PT. Yamaha Music Manufacturing Indonesia
111,141,,PT. Yutaka Manufacturing Indonesia
112,141,,PT.ASTRA OTOPARTS Tbk
113,141,,PT.BAJA SATYA PRATAMA
114,141,,PT.FRINA LESTARI NUSANTARA
115,141,,PT.PUTRA KEMUNING
116,141,,PT.Sinar Kencana Teknik Mandiri
117,141,,PT.WOOIN
118,141,,SHARP ELECTRONICS INDONESIA
119,141,SEI,Standard
121,141,CASH- 01,TOKO FAJAR
213,141,213,PT. ADYAWINSA STAMPING INDUSTRIES
215,141,KSJ,PT. KOMANDO SIJALAK
241,141,241,PT. MITSUBISHI KRAMA YUDHA MOTOR & MTG
252,141,SAB,Summit Auto Body Industry CO.,LTD
263,141,FSI,PT. FUJISEAT INDONESIA
329,141,DPM,PT. DHARMA POLY METAL
403,141,FTI,PT. FUJI TECHNICA INDONESIA
417,141,MANDIRI,PT. BANK MANDIRI PERSERO TBK. CABANG KARAWANG
523,141,BERLINDO,PT.BERLINDO MITRA UTAMA
9,146,CMR,Customer Material Return
21,147,ADW,PT. Adyawinsa Dinamika
123,147,KP,PT. Kianis Pratama
124,147,MSS,CV. MITRA SARANA SOLUSI
126,147,RM,Ratu Mandiri
127,147,IGA,Inti Guna Agrawisesa
128,147,HP,PT. Hiromindo Perkasa
129,147,HCC,Harco Computer Centre
131,147,EP,Enceha Pacific
132,147,NI,Nusa Indah
133,147,JSU,CV. Johar Semesta Utama
134,147,GE,CV. Gema Electrik
135,147,MT,Mitra Technindo
140,147,MMJ,Mekar Mas Jaya
141,147,BELT,PT. Bima Estetika Lestari Tangguh
142,147,OHS,PT. OHS
143,147,IIGI,PT. Iwatani Industrial Gas Indonesia
144,147,GI,CV. Garish Indoespec
146,147,JSB,UD. Jaya Selang Baru
147,147,OLM,PT. Omega Lestari Mandiri
148,147,CT,PT. Catra Toolsindo
149,147,PB,Prima Ban
150,147,KRI,PT. Krisbow Indonesia
153,147,PAP,PT. Petrotec Air Power
154,147,MKJ,PT. Metacom Karunia Jaya
155,147,KSJ,PT. Komando Si Jalak Yogyakarta
157,147,JC,CV. Jasa Cemerlang
158,147,QSE,Queen Star Electric
159,147,SRS,PT. Sinar Raflesia Selatan
160,147,MSS,PT. Mandiri Sukses Sentosa
164,147,TS,PT. Trimitra Swadaya
165,147,ED,CV Era Dinamika
169,147,DJA,PT. Daco Jaya Abadi
170,147,SMS,PT. Sintesa Metal Sukses
172,147,AJ,Aneka Jaya
175,147,SL,PT. Syncrum Logistic
176,147,PPS,PT. Pasar Pagi Sukses
177,147,BJ,PD. Bintang Jaya
178,147,ADSI,PT. Astra Daido Steel Indonesia
182,147,FJM,PT. Fanah Jaya Maindo
183,147,BMC,PT. Baja Mandiri Cemerlang
184,147,ASI,PT. Assab Steels Indonesia
185,147,BM,PT. Bintangmas Minomanunggal
188,147,AME,PT. Advan Metal Engineering
189,147,PN,CV. Prima Nusantara
190,147,AM,PT. AMCo MultiTech
191,147,CSM,PT. Cahaya Sukses Mandiri
194,147,YJI,PT. Yin Jin Industry
197,147,NP,CV. Nirmana Pelangi
200,147,ASP,PT. Abadi Surya Perkasa
202,147,CHJ,CV. Citra Harapan Jaya
209,147,TTI,PT. Toyota Tsusho Indonesia
214,147,TA,CV. Tirta Astro
222,147,JSSI,PT. JFE Shoji Steel Indonesia
226,147,DPL,PT. Dena Pella Lestari
232,147,ISTW,PT. Indonesia Steel Tube Works
243,147,PT. ONE HEART SOLUTION,Pekerjaan re-lay out partisi line welding Plant A
254,147,AD,PT. Altius Adhikarsa
260,147,USC,PT. United Steel Center Indonesia
261,147,HSSI,PT. Hanwa Steel Service Indonesia
262,147,PSI,PT. Posmi Steel Indonesia
263,147,FSI,PT. Fuji Seat Indonesia
264,147,SCI,PT. Steel Center Indonesia
267,147,WZS,PT. Weng Zheng Steel
269,147,ISC,PT. Indojapan Steel Center
273,147,APM,CV. Adrian Pratama Metal
274,147,CGSM,PT. Citra Galvalindo Sukses Mandiri
276,147,DPP,PT. Dharma Pprecision Parts
278,147,Sari,Bu Sari
279,147,Hotel,Citra Grand Hotel
280,147,BR,CV. Bertindo
281,147,NKC,Neoform LG 2500
282,147,PENNY SARINING ASIH,Payment for catering sai employee 16-22 september 2014
283,147,JPK,Payment for JPK Periode 1-15 September 2014
284,147,PT. Care Indonesia Solution,Pelunasan Fee Psikotest Karyawan PT. SAI
285,147,PT. EXCELLENT INFOTAMA KREASINDO,Pembayaran Excellent Zimbra VPS/Cloud Server Tipe Premium
286,147,MEI,PT. Meiwa Indonesia
287,147,NKC,PT. Nur Kartika Cemerlang
288,147,PMTI,PT. Parker Metal Treatment Indonesia
289,147,STEP,PT. Sari Takagi Elok Produk
290,147,PF,Purnama Fotocopy
1,150,DPK,PT. Dharmamulia Prima Karya
1,152,DPK,PT. Dharmamulia Prima Karya
1,159,JPK,Jaminan Pemeliharaan Kesehatan
1,161,Sari,Bu Sari Catering
10,173,50.02.20.00,Export Expense
11,173,50.02.21.00,Import Expense
21,177,ADW,PT. Adyawinsa Dinamika
123,177,KP,PT. Kianis Pratama
124,177,MSS,CV. MITRA SARANA SOLUSI
126,177,RM,Ratu Mandiri
127,177,IGA,Inti Guna Agrawisesa
128,177,HP,PT. Hiromindo Perkasa
129,177,HCC,Harco Computer Centre
131,177,EP,Enceha Pacific
132,177,NI,Nusa Indah
132,177,NIJU,PT. Nusa Indah Jaya Utama
133,177,JSU,CV. Johar Semesta Utama
134,177,GE,CV. Gema Electrik
135,177,MT,Mitra Technindo
140,177,MMJ,Mekar Mas Jaya
141,177,BELT,PT. Bima Estetika Lestari Tangguh
142,177,OHS,PT. OHS
143,177,IIGI,PT. Iwatani Industrial Gas Indonesia
144,177,GI,CV. Garish Indoespec
146,177,JSB,UD. Jaya Selang Baru
147,177,OLM,PT. Omega Lestari Mandiri
148,177,CT,PT. Catra Toolsindo
149,177,PB,Prima Ban
150,177,KRI,PT. Krisbow Indonesia
153,177,PAP,PT. Petrotec Air Power
154,177,MKJ,PT. Metacom Karunia Jaya
155,177,KSJ,PT. Komando Si Jalak Yogyakarta
157,177,JC,CV. Jasa Cemerlang
158,177,QSE,Queen Star Electric
159,177,SRS,PT. Sinar Raflesia Selatan
160,177,MSS,PT. Mandiri Sukses Sentosa
164,177,TS,PT. Trimitra Swadaya
165,177,ED,CV Era Dinamika
169,177,DJA,PT. Daco Jaya Abadi
170,177,SMS,PT. Sintesa Metal Sukses
172,177,AJ,Aneka Jaya
175,177,SL,PT. Syncrum Logistic
176,177,PPS,PT. Pasar Pagi Sukses
177,177,BJ,PD. Bintang Jaya
178,177,ADSI,PT. Astra Daido Steel Indonesia
182,177,FJM,PT. Fanah Jaya Maindo
183,177,BMC,PT. Baja Mandiri Cemerlang
184,177,ASI,PT. Assab Steels Indonesia
185,177,BM,PT. Bintangmas Minomanunggal
188,177,AME,PT. Advan Metal Engineering
189,177,PN,CV. Prima Nusantara
190,177,AM,PT. AMCo MultiTech
191,177,CSM,PT. Cahaya Sukses Mandiri
194,177,YJI,PT. Yin Jin Industry
197,177,NP,CV. Nirmana Pelangi
200,177,ASP,PT. Abadi Surya Perkasa
202,177,CHJ,CV. Citra Harapan Jaya
209,177,TTI,PT. Toyota Tsusho Indonesia
214,177,TA,CV. Tirta Astro
222,177,JSSI,PT. JFE Shoji Steel Indonesia
226,177,DPL,PT. Dena Pella Lestari
232,177,ISTW,PT. Indonesia Steel Tube Works
243,177,PT. ONE HEART SOLUTION,Pekerjaan re-lay out partisi line welding Plant A
254,177,AD,PT. Altius Adhikarsa
260,177,USC,PT. United Steel Center Indonesia
261,177,HSSI,PT. Hanwa Steel Service Indonesia
262,177,PSI,PT. Posmi Steel Indonesia
263,177,FSI,PT. Fuji Seat Indonesia
264,177,SCI,PT. Steel Center Indonesia
267,177,WZS,PT. Weng Zheng Steel
269,177,ISC,PT. Indojapan Steel Center
273,177,APM,CV. Adrian Pratama Metal
274,177,CGSM,PT. Citra Galvalindo Sukses Mandiri
276,177,DPP,PT. Dharma Pprecision Parts
278,177,Sari,Bu Sari
279,177,Hotel,Citra Grand Hotel
280,177,BR,CV. Bertindo
281,177,NKC,Neoform LG 2500
282,177,PENNY SARINING ASIH,Payment for catering sai employee 16-22 september 2014
283,177,JPK,Payment for JPK Periode 1-15 September 2014
284,177,PT. Care Indonesia Solution,Pelunasan Fee Psikotest Karyawan PT. SAI
285,177,PT. EXCELLENT INFOTAMA KREASINDO,Pembayaran Excellent Zimbra VPS/Cloud Server Tipe Premium
286,177,MEI,PT. Meiwa Indonesia
287,177,NKC,PT. Nur Kartika Cemerlang
288,177,PMTI,PT. Parker Metal Treatment Indonesia
289,177,STEP,PT. Sari Takagi Elok Produk
290,177,PF,Purnama Fotocopy
1,180,DPK,PT. Dharmamulia Prima Karya
1,182,KSJ,NULL
1,191,Sari,Bu Sari Catering
21,194,ADW,PT. Adyawinsa Dinamika
123,194,KP,PT. Kianis Pratama
124,194,MSS,CV. MITRA SARANA SOLUSI
126,194,RM,Ratu Mandiri
127,194,IGA,Inti Guna Agrawisesa
128,194,HP,PT. Hiromindo Perkasa
129,194,HCC,Harco Computer Centre
131,194,EP,Enceha Pacific
132,194,NI,Nusa Indah
133,194,JSU,CV. Johar Semesta Utama
134,194,GE,CV. Gema Electrik
135,194,MT,Mitra Technindo
140,194,MMJ,Mekar Mas Jaya
141,194,BELT,PT. Bima Estetika Lestari Tangguh
142,194,OHS,PT. OHS
143,194,IIGI,PT. Iwatani Industrial Gas Indonesia
144,194,GI,CV. Garish Indoespec
146,194,JSB,UD. Jaya Selang Baru
147,194,OLM,PT. Omega Lestari Mandiri
148,194,CT,PT. Catra Toolsindo
149,194,PB,Prima Ban
150,194,KRI,PT. Krisbow Indonesia
153,194,PAP,PT. Petrotec Air Power
154,194,MKJ,PT. Metacom Karunia Jaya
155,194,KSJ,PT. Komando Si Jalak Yogyakarta
157,194,JC,CV. Jasa Cemerlang
158,194,QSE,Queen Star Electric
159,194,SRS,PT. Sinar Raflesia Selatan
160,194,MSS,PT. Mandiri Sukses Sentosa
164,194,TS,PT. Trimitra Swadaya
165,194,ED,CV Era Dinamika
169,194,DJA,PT. Daco Jaya Abadi
170,194,SMS,PT. Sintesa Metal Sukses
172,194,AJ,Aneka Jaya
175,194,SL,PT. Syncrum Logistic
176,194,PPS,PT. Pasar Pagi Sukses
177,194,BJ,PD. Bintang Jaya
178,194,ADSI,PT. Astra Daido Steel Indonesia
182,194,FJM,PT. Fanah Jaya Maindo
183,194,BMC,PT. Baja Mandiri Cemerlang
184,194,ASI,PT. Assab Steels Indonesia
185,194,BM,PT. Bintangmas Minomanunggal
188,194,AME,PT. Advan Metal Engineering
189,194,PN,CV. Prima Nusantara
190,194,AM,PT. AMCo MultiTech
191,194,CSM,PT. Cahaya Sukses Mandiri
194,194,YJI,PT. Yin Jin Industry
197,194,NP,CV. Nirmana Pelangi
200,194,ASP,PT. Abadi Surya Perkasa
202,194,CHJ,CV. Citra Harapan Jaya
209,194,TTI,PT. Toyota Tsusho Indonesia
214,194,TA,CV. Tirta Astro
222,194,JSSI,PT. JFE Shoji Steel Indonesia
226,194,DPL,PT. Dena Pella Lestari
232,194,ISTW,PT. Indonesia Steel Tube Works
243,194,PT. ONE HEART SOLUTION,Pekerjaan re-lay out partisi line welding Plant A
254,194,AD,PT. Altius Adhikarsa
260,194,USC,PT. United Steel Center Indonesia
261,194,HSSI,PT. Hanwa Steel Service Indonesia
262,194,PSI,PT. Posmi Steel Indonesia
263,194,FSI,PT. Fuji Seat Indonesia
264,194,SCI,PT. Steel Center Indonesia
267,194,WZS,PT. Weng Zheng Steel
269,194,ISC,PT. Indojapan Steel Center
273,194,APM,CV. Adrian Pratama Metal
274,194,CGSM,PT. Citra Galvalindo Sukses Mandiri
276,194,DPP,PT. Dharma Pprecision Parts
278,194,Sari,Bu Sari
279,194,Hotel,Citra Grand Hotel
280,194,BR,CV. Bertindo
281,194,NKC,Neoform LG 2500
282,194,PENNY SARINING ASIH,Payment for catering sai employee 16-22 september 2014
283,194,JPK,Payment for JPK Periode 1-15 September 2014
284,194,PT. Care Indonesia Solution,Pelunasan Fee Psikotest Karyawan PT. SAI
285,194,PT. EXCELLENT INFOTAMA KREASINDO,Pembayaran Excellent Zimbra VPS/Cloud Server Tipe Premium
286,194,MEI,PT. Meiwa Indonesia
287,194,NKC,PT. Nur Kartika Cemerlang
288,194,PMTI,PT. Parker Metal Treatment Indonesia
289,194,STEP,PT. Sari Takagi Elok Produk
290,194,PF,Purnama Fotocopy
21,195,ADW,PT. Adyawinsa Dinamika
123,195,KP,PT. Kianis Pratama
124,195,MSS,CV. MITRA SARANA SOLUSI
126,195,RM,Ratu Mandiri
127,195,IGA,Inti Guna Agrawisesa
128,195,HP,PT. Hiromindo Perkasa
129,195,HCC,Harco Computer Centre
131,195,EP,Enceha Pacific
132,195,NI,Nusa Indah
132,195,NIJU,PT. Nusa Indah Jaya Utama
133,195,JSU,CV. Johar Semesta Utama
134,195,GE,CV. Gema Electrik
135,195,MT,Mitra Technindo
140,195,MMJ,Mekar Mas Jaya
141,195,BELT,PT. Bima Estetika Lestari Tangguh
142,195,OHS,PT. OHS
143,195,IIGI,PT. Iwatani Industrial Gas Indonesia
144,195,GI,CV. Garish Indoespec
146,195,JSB,UD. Jaya Selang Baru
147,195,OLM,PT. Omega Lestari Mandiri
148,195,CT,PT. Catra Toolsindo
149,195,PB,Prima Ban
150,195,KRI,PT. Krisbow Indonesia
153,195,PAP,PT. Petrotec Air Power
154,195,MKJ,PT. Metacom Karunia Jaya
155,195,KSJ,PT. Komando Si Jalak Yogyakarta
157,195,JC,CV. Jasa Cemerlang
158,195,QSE,Queen Star Electric
159,195,SRS,PT. Sinar Raflesia Selatan
160,195,MSS,PT. Mandiri Sukses Sentosa
164,195,TS,PT. Trimitra Swadaya
165,195,ED,CV Era Dinamika
169,195,DJA,PT. Daco Jaya Abadi
170,195,SMS,PT. Sintesa Metal Sukses
172,195,AJ,Aneka Jaya
175,195,SL,PT. Syncrum Logistic
176,195,PPS,PT. Pasar Pagi Sukses
177,195,BJ,PD. Bintang Jaya
178,195,ADSI,PT. Astra Daido Steel Indonesia
182,195,FJM,PT. Fanah Jaya Maindo
183,195,BMC,PT. Baja Mandiri Cemerlang
184,195,ASI,PT. Assab Steels Indonesia
185,195,BM,PT. Bintangmas Minomanunggal
188,195,AME,PT. Advan Metal Engineering
189,195,PN,CV. Prima Nusantara
190,195,AM,PT. AMCo MultiTech
191,195,CSM,PT. Cahaya Sukses Mandiri
194,195,YJI,PT. Yin Jin Industry
197,195,NP,CV. Nirmana Pelangi
200,195,ASP,PT. Abadi Surya Perkasa
202,195,CHJ,CV. Citra Harapan Jaya
209,195,TTI,PT. Toyota Tsusho Indonesia
214,195,TA,CV. Tirta Astro
222,195,JSSI,PT. JFE Shoji Steel Indonesia
226,195,DPL,PT. Dena Pella Lestari
232,195,ISTW,PT. Indonesia Steel Tube Works
243,195,PT. ONE HEART SOLUTION,Pekerjaan re-lay out partisi line welding Plant A
254,195,AD,PT. Altius Adhikarsa
260,195,USC,PT. United Steel Center Indonesia
261,195,HSSI,PT. Hanwa Steel Service Indonesia
262,195,PSI,PT. Posmi Steel Indonesia
263,195,FSI,PT. Fuji Seat Indonesia
264,195,SCI,PT. Steel Center Indonesia
267,195,WZS,PT. Weng Zheng Steel
269,195,ISC,PT. Indojapan Steel Center
273,195,APM,CV. Adrian Pratama Metal
274,195,CGSM,PT. Citra Galvalindo Sukses Mandiri
276,195,DPP,PT. Dharma Pprecision Parts
278,195,Sari,Bu Sari
279,195,Hotel,Citra Grand Hotel
280,195,BR,CV. Bertindo
281,195,NKC,Neoform LG 2500
282,195,PENNY SARINING ASIH,Payment for catering sai employee 16-22 september 2014
283,195,JPK,Payment for JPK Periode 1-15 September 2014
284,195,PT. Care Indonesia Solution,Pelunasan Fee Psikotest Karyawan PT. SAI
285,195,PT. EXCELLENT INFOTAMA KREASINDO,Pembayaran Excellent Zimbra VPS/Cloud Server Tipe Premium
286,195,MEI,PT. Meiwa Indonesia
287,195,NKC,PT. Nur Kartika Cemerlang
288,195,PMTI,PT. Parker Metal Treatment Indonesia
289,195,STEP,PT. Sari Takagi Elok Produk
290,195,PF,Purnama Fotocopy
21,218,ADW,PT. Adyawinsa Dinamika
123,218,KP,PT. Kianis Pratama
124,218,MSS,CV. MITRA SARANA SOLUSI
126,218,RM,Ratu Mandiri
127,218,IGA,Inti Guna Agrawisesa
128,218,HP,PT. Hiromindo Perkasa
129,218,HCC,Harco Computer Centre
131,218,EP,Enceha Pacific
132,218,NI,Nusa Indah
132,218,NIJU,PT. Nusa Indah Jaya Utama
133,218,JSU,CV. Johar Semesta Utama
134,218,GE,CV. Gema Electrik
135,218,MT,Mitra Technindo
140,218,MMJ,Mekar Mas Jaya
141,218,BELT,PT. Bima Estetika Lestari Tangguh
142,218,OHS,PT. OHS
143,218,IIGI,PT. Iwatani Industrial Gas Indonesia
144,218,GI,CV. Garish Indoespec
146,218,JSB,UD. Jaya Selang Baru
147,218,OLM,PT. Omega Lestari Mandiri
148,218,CT,PT. Catra Toolsindo
149,218,PB,Prima Ban
150,218,KRI,PT. Krisbow Indonesia
153,218,PAP,PT. Petrotec Air Power
154,218,MKJ,PT. Metacom Karunia Jaya
155,218,KSJ,PT. Komando Si Jalak Yogyakarta
157,218,JC,CV. Jasa Cemerlang
158,218,QSE,Queen Star Electric
159,218,SRS,PT. Sinar Raflesia Selatan
160,218,MSS,PT. Mandiri Sukses Sentosa
164,218,TS,PT. Trimitra Swadaya
165,218,ED,CV Era Dinamika
169,218,DJA,PT. Daco Jaya Abadi
170,218,SMS,PT. Sintesa Metal Sukses
172,218,AJ,Aneka Jaya
175,218,SL,PT. Syncrum Logistic
176,218,PPS,PT. Pasar Pagi Sukses
177,218,BJ,PD. Bintang Jaya
178,218,ADSI,PT. Astra Daido Steel Indonesia
182,218,FJM,PT. Fanah Jaya Maindo
183,218,BMC,PT. Baja Mandiri Cemerlang
184,218,ASI,PT. Assab Steels Indonesia
185,218,BM,PT. Bintangmas Minomanunggal
188,218,AME,PT. Advan Metal Engineering
189,218,PN,CV. Prima Nusantara
190,218,AM,PT. AMCo MultiTech
191,218,CSM,PT. Cahaya Sukses Mandiri
194,218,YJI,PT. Yin Jin Industry
197,218,NP,CV. Nirmana Pelangi
200,218,ASP,PT. Abadi Surya Perkasa
202,218,CHJ,CV. Citra Harapan Jaya
209,218,TTI,PT. Toyota Tsusho Indonesia
214,218,TA,CV. Tirta Astro
222,218,JSSI,PT. JFE Shoji Steel Indonesia
226,218,DPL,PT. Dena Pella Lestari
232,218,ISTW,PT. Indonesia Steel Tube Works
243,218,PT. ONE HEART SOLUTION,Pekerjaan re-lay out partisi line welding Plant A
254,218,AD,PT. Altius Adhikarsa
260,218,USC,PT. United Steel Center Indonesia
261,218,HSSI,PT. Hanwa Steel Service Indonesia
262,218,PSI,PT. Posmi Steel Indonesia
263,218,FSI,PT. Fuji Seat Indonesia
264,218,SCI,PT. Steel Center Indonesia
267,218,WZS,PT. Weng Zheng Steel
269,218,ISC,PT. Indojapan Steel Center
273,218,APM,CV. Adrian Pratama Metal
274,218,CGSM,PT. Citra Galvalindo Sukses Mandiri
276,218,DPP,PT. Dharma Pprecision Parts
278,218,Sari,Bu Sari
279,218,Hotel,Citra Grand Hotel
280,218,BR,CV. Bertindo
281,218,NKC,Neoform LG 2500
282,218,PENNY SARINING ASIH,Payment for catering sai employee 16-22 september 2014
283,218,JPK,Payment for JPK Periode 1-15 September 2014
284,218,PT. Care Indonesia Solution,Pelunasan Fee Psikotest Karyawan PT. SAI
285,218,PT. EXCELLENT INFOTAMA KREASINDO,Pembayaran Excellent Zimbra VPS/Cloud Server Tipe Premium
286,218,MEI,PT. Meiwa Indonesia
287,218,NKC,PT. Nur Kartika Cemerlang
288,218,PMTI,PT. Parker Metal Treatment Indonesia
289,218,STEP,PT. Sari Takagi Elok Produk
290,218,PF,Purnama Fotocopy
21,219,ADW,PT. Adyawinsa Dinamika
123,219,KP,PT. Kianis Pratama
124,219,MSS,CV. MITRA SARANA SOLUSI
126,219,RM,Ratu Mandiri
127,219,IGA,Inti Guna Agrawisesa
128,219,HP,PT. Hiromindo Perkasa
129,219,HCC,Harco Computer Centre
131,219,EP,Enceha Pacific
132,219,NI,Nusa Indah
132,219,NIJU,PT. Nusa Indah Jaya Utama
133,219,JSU,CV. Johar Semesta Utama
134,219,GE,CV. Gema Electrik
135,219,MT,Mitra Technindo
140,219,MMJ,Mekar Mas Jaya
141,219,BELT,PT. Bima Estetika Lestari Tangguh
142,219,OHS,PT. OHS
143,219,IIGI,PT. Iwatani Industrial Gas Indonesia
144,219,GI,CV. Garish Indoespec
146,219,JSB,UD. Jaya Selang Baru
147,219,OLM,PT. Omega Lestari Mandiri
148,219,CT,PT. Catra Toolsindo
149,219,PB,Prima Ban
150,219,KRI,PT. Krisbow Indonesia
153,219,PAP,PT. Petrotec Air Power
154,219,MKJ,PT. Metacom Karunia Jaya
155,219,KSJ,PT. Komando Si Jalak Yogyakarta
157,219,JC,CV. Jasa Cemerlang
158,219,QSE,Queen Star Electric
159,219,SRS,PT. Sinar Raflesia Selatan
160,219,MSS,PT. Mandiri Sukses Sentosa
164,219,TS,PT. Trimitra Swadaya
165,219,ED,CV Era Dinamika
169,219,DJA,PT. Daco Jaya Abadi
170,219,SMS,PT. Sintesa Metal Sukses
172,219,AJ,Aneka Jaya
175,219,SL,PT. Syncrum Logistic
176,219,PPS,PT. Pasar Pagi Sukses
177,219,BJ,PD. Bintang Jaya
178,219,ADSI,PT. Astra Daido Steel Indonesia
182,219,FJM,PT. Fanah Jaya Maindo
183,219,BMC,PT. Baja Mandiri Cemerlang
184,219,ASI,PT. Assab Steels Indonesia
185,219,BM,PT. Bintangmas Minomanunggal
188,219,AME,PT. Advan Metal Engineering
189,219,PN,CV. Prima Nusantara
190,219,AM,PT. AMCo MultiTech
191,219,CSM,PT. Cahaya Sukses Mandiri
194,219,YJI,PT. Yin Jin Industry
197,219,NP,CV. Nirmana Pelangi
200,219,ASP,PT. Abadi Surya Perkasa
202,219,CHJ,CV. Citra Harapan Jaya
209,219,TTI,PT. Toyota Tsusho Indonesia
214,219,TA,CV. Tirta Astro
222,219,JSSI,PT. JFE Shoji Steel Indonesia
226,219,DPL,PT. Dena Pella Lestari
232,219,ISTW,PT. Indonesia Steel Tube Works
243,219,PT. ONE HEART SOLUTION,Pekerjaan re-lay out partisi line welding Plant A
254,219,AD,PT. Altius Adhikarsa
260,219,USC,PT. United Steel Center Indonesia
261,219,HSSI,PT. Hanwa Steel Service Indonesia
262,219,PSI,PT. Posmi Steel Indonesia
263,219,FSI,PT. Fuji Seat Indonesia
264,219,SCI,PT. Steel Center Indonesia
267,219,WZS,PT. Weng Zheng Steel
269,219,ISC,PT. Indojapan Steel Center
273,219,APM,CV. Adrian Pratama Metal
274,219,CGSM,PT. Citra Galvalindo Sukses Mandiri
276,219,DPP,PT. Dharma Pprecision Parts
278,219,Sari,Bu Sari
279,219,Hotel,Citra Grand Hotel
280,219,BR,CV. Bertindo
281,219,NKC,Neoform LG 2500
282,219,PENNY SARINING ASIH,Payment for catering sai employee 16-22 september 2014
283,219,JPK,Payment for JPK Periode 1-15 September 2014
284,219,PT. Care Indonesia Solution,Pelunasan Fee Psikotest Karyawan PT. SAI
285,219,PT. EXCELLENT INFOTAMA KREASINDO,Pembayaran Excellent Zimbra VPS/Cloud Server Tipe Premium
286,219,MEI,PT. Meiwa Indonesia
287,219,NKC,PT. Nur Kartika Cemerlang
288,219,PMTI,PT. Parker Metal Treatment Indonesia
289,219,STEP,PT. Sari Takagi Elok Produk
290,219,PF,Purnama Fotocopy
21,221,ADW,PT. Adyawinsa Dinamika
123,221,KP,PT. Kianis Pratama
124,221,MSS,CV. MITRA SARANA SOLUSI
126,221,RM,Ratu Mandiri
127,221,IGA,Inti Guna Agrawisesa
128,221,HP,PT. Hiromindo Perkasa
129,221,HCC,Harco Computer Centre
131,221,EP,Enceha Pacific
132,221,NI,Nusa Indah
132,221,NIJU,PT. Nusa Indah Jaya Utama
133,221,JSU,CV. Johar Semesta Utama
134,221,GE,CV. Gema Electrik
135,221,MT,Mitra Technindo
140,221,MMJ,Mekar Mas Jaya
141,221,BELT,PT. Bima Estetika Lestari Tangguh
142,221,OHS,PT. OHS
143,221,IIGI,PT. Iwatani Industrial Gas Indonesia
144,221,GI,CV. Garish Indoespec
146,221,JSB,UD. Jaya Selang Baru
147,221,OLM,PT. Omega Lestari Mandiri
148,221,CT,PT. Catra Toolsindo
149,221,PB,Prima Ban
150,221,KRI,PT. Krisbow Indonesia
153,221,PAP,PT. Petrotec Air Power
154,221,MKJ,PT. Metacom Karunia Jaya
155,221,KSJ,PT. Komando Si Jalak Yogyakarta
157,221,JC,CV. Jasa Cemerlang
158,221,QSE,Queen Star Electric
159,221,SRS,PT. Sinar Raflesia Selatan
160,221,MSS,PT. Mandiri Sukses Sentosa
164,221,TS,PT. Trimitra Swadaya
165,221,ED,CV Era Dinamika
169,221,DJA,PT. Daco Jaya Abadi
170,221,SMS,PT. Sintesa Metal Sukses
172,221,AJ,Aneka Jaya
175,221,SL,PT. Syncrum Logistic
176,221,PPS,PT. Pasar Pagi Sukses
177,221,BJ,PD. Bintang Jaya
178,221,ADSI,PT. Astra Daido Steel Indonesia
182,221,FJM,PT. Fanah Jaya Maindo
183,221,BMC,PT. Baja Mandiri Cemerlang
184,221,ASI,PT. Assab Steels Indonesia
185,221,BM,PT. Bintangmas Minomanunggal
188,221,AME,PT. Advan Metal Engineering
189,221,PN,CV. Prima Nusantara
190,221,AM,PT. AMCo MultiTech
191,221,CSM,PT. Cahaya Sukses Mandiri
194,221,YJI,PT. Yin Jin Industry
197,221,NP,CV. Nirmana Pelangi
200,221,ASP,PT. Abadi Surya Perkasa
202,221,CHJ,CV. Citra Harapan Jaya
209,221,TTI,PT. Toyota Tsusho Indonesia
214,221,TA,CV. Tirta Astro
222,221,JSSI,PT. JFE Shoji Steel Indonesia
226,221,DPL,PT. Dena Pella Lestari
232,221,ISTW,PT. Indonesia Steel Tube Works
243,221,PT. ONE HEART SOLUTION,Pekerjaan re-lay out partisi line welding Plant A
254,221,AD,PT. Altius Adhikarsa
260,221,USC,PT. United Steel Center Indonesia
261,221,HSSI,PT. Hanwa Steel Service Indonesia
262,221,PSI,PT. Posmi Steel Indonesia
263,221,FSI,PT. Fuji Seat Indonesia
264,221,SCI,PT. Steel Center Indonesia
267,221,WZS,PT. Weng Zheng Steel
269,221,ISC,PT. Indojapan Steel Center
273,221,APM,CV. Adrian Pratama Metal
274,221,CGSM,PT. Citra Galvalindo Sukses Mandiri
276,221,DPP,PT. Dharma Pprecision Parts
278,221,Sari,Bu Sari
279,221,Hotel,Citra Grand Hotel
280,221,BR,CV. Bertindo
281,221,NKC,Neoform LG 2500
282,221,PENNY SARINING ASIH,Payment for catering sai employee 16-22 september 2014
283,221,JPK,Payment for JPK Periode 1-15 September 2014
284,221,PT. Care Indonesia Solution,Pelunasan Fee Psikotest Karyawan PT. SAI
285,221,PT. EXCELLENT INFOTAMA KREASINDO,Pembayaran Excellent Zimbra VPS/Cloud Server Tipe Premium
286,221,MEI,PT. Meiwa Indonesia
287,221,NKC,PT. Nur Kartika Cemerlang
288,221,PMTI,PT. Parker Metal Treatment Indonesia
289,221,STEP,PT. Sari Takagi Elok Produk
290,221,PF,Purnama Fotocopy
1,228,DPK,PT. Dharmamulia Prima Karya
1,239,Sari,Bu Sari Catering
21,239,ADW,PT. Adyawinsa Dinamika
123,239,KP,PT. Kianis Pratama
124,239,MSS,CV. MITRA SARANA SOLUSI
126,239,RM,Ratu Mandiri
127,239,IGA,Inti Guna Agrawisesa
128,239,HP,PT. Hiromindo Perkasa
129,239,HCC,Harco Computer Centre
131,239,EP,Enceha Pacific
132,239,NI,Nusa Indah
132,239,NIJU,PT. Nusa Indah Jaya Utama
133,239,JSU,CV. Johar Semesta Utama
134,239,GE,CV. Gema Electrik
135,239,MT,Mitra Technindo
140,239,MMJ,Mekar Mas Jaya
141,239,BELT,PT. Bima Estetika Lestari Tangguh
142,239,OHS,PT. OHS
143,239,IIGI,PT. Iwatani Industrial Gas Indonesia
144,239,GI,CV. Garish Indoespec
146,239,JSB,UD. Jaya Selang Baru
147,239,OLM,PT. Omega Lestari Mandiri
148,239,CT,PT. Catra Toolsindo
149,239,PB,Prima Ban
150,239,KRI,PT. Krisbow Indonesia
153,239,PAP,PT. Petrotec Air Power
154,239,MKJ,PT. Metacom Karunia Jaya
155,239,KSJ,PT. Komando Si Jalak Yogyakarta
157,239,JC,CV. Jasa Cemerlang
158,239,QSE,Queen Star Electric
159,239,SRS,PT. Sinar Raflesia Selatan
160,239,MSS,PT. Mandiri Sukses Sentosa
164,239,TS,PT. Trimitra Swadaya
165,239,ED,CV Era Dinamika
169,239,DJA,PT. Daco Jaya Abadi
170,239,SMS,PT. Sintesa Metal Sukses
172,239,AJ,Aneka Jaya
175,239,SL,PT. Syncrum Logistic
176,239,PPS,PT. Pasar Pagi Sukses
177,239,BJ,PD. Bintang Jaya
178,239,ADSI,PT. Astra Daido Steel Indonesia
182,239,FJM,PT. Fanah Jaya Maindo
183,239,BMC,PT. Baja Mandiri Cemerlang
184,239,ASI,PT. Assab Steels Indonesia
185,239,BM,PT. Bintangmas Minomanunggal
188,239,AME,PT. Advan Metal Engineering
189,239,PN,CV. Prima Nusantara
190,239,AM,PT. AMCo MultiTech
191,239,CSM,PT. Cahaya Sukses Mandiri
194,239,YJI,PT. Yin Jin Industry
197,239,NP,CV. Nirmana Pelangi
200,239,ASP,PT. Abadi Surya Perkasa
202,239,CHJ,CV. Citra Harapan Jaya
209,239,TTI,PT. Toyota Tsusho Indonesia
214,239,TA,CV. Tirta Astro
222,239,JSSI,PT. JFE Shoji Steel Indonesia
226,239,DPL,PT. Dena Pella Lestari
232,239,ISTW,PT. Indonesia Steel Tube Works
243,239,PT. ONE HEART SOLUTION,Pekerjaan re-lay out partisi line welding Plant A
254,239,AD,PT. Altius Adhikarsa
260,239,USC,PT. United Steel Center Indonesia
261,239,HSSI,PT. Hanwa Steel Service Indonesia
262,239,PSI,PT. Posmi Steel Indonesia
263,239,FSI,PT. Fuji Seat Indonesia
264,239,SCI,PT. Steel Center Indonesia
267,239,WZS,PT. Weng Zheng Steel
269,239,ISC,PT. Indojapan Steel Center
273,239,APM,CV. Adrian Pratama Metal
274,239,CGSM,PT. Citra Galvalindo Sukses Mandiri
276,239,DPP,PT. Dharma Pprecision Parts
278,239,Sari,Bu Sari
279,239,Hotel,Citra Grand Hotel
280,239,BR,CV. Bertindo
281,239,NKC,Neoform LG 2500
282,239,PENNY SARINING ASIH,Payment for catering sai employee 16-22 september 2014
283,239,JPK,Payment for JPK Periode 1-15 September 2014
284,239,PT. Care Indonesia Solution,Pelunasan Fee Psikotest Karyawan PT. SAI
285,239,PT. EXCELLENT INFOTAMA KREASINDO,Pembayaran Excellent Zimbra VPS/Cloud Server Tipe Premium
286,239,MEI,PT. Meiwa Indonesia
287,239,NKC,PT. Nur Kartika Cemerlang
288,239,PMTI,PT. Parker Metal Treatment Indonesia
289,239,STEP,PT. Sari Takagi Elok Produk
290,239,PF,Purnama Fotocopy
21,243,ADW,PT. Adyawinsa Dinamika
123,243,KP,PT. Kianis Pratama
124,243,MSS,CV. MITRA SARANA SOLUSI
126,243,RM,Ratu Mandiri
127,243,IGA,Inti Guna Agrawisesa
128,243,HP,PT. Hiromindo Perkasa
129,243,HCC,Harco Computer Centre
131,243,EP,Enceha Pacific
132,243,NI,Nusa Indah
132,243,NIJU,PT. Nusa Indah Jaya Utama
133,243,JSU,CV. Johar Semesta Utama
134,243,GE,CV. Gema Electrik
135,243,MT,Mitra Technindo
140,243,MMJ,Mekar Mas Jaya
141,243,BELT,PT. Bima Estetika Lestari Tangguh
142,243,OHS,PT. OHS
143,243,IIGI,PT. Iwatani Industrial Gas Indonesia
144,243,GI,CV. Garish Indoespec
146,243,JSB,UD. Jaya Selang Baru
147,243,OLM,PT. Omega Lestari Mandiri
148,243,CT,PT. Catra Toolsindo
149,243,PB,Prima Ban
150,243,KRI,PT. Krisbow Indonesia
153,243,PAP,PT. Petrotec Air Power
154,243,MKJ,PT. Metacom Karunia Jaya
155,243,KSJ,PT. Komando Si Jalak Yogyakarta
157,243,JC,CV. Jasa Cemerlang
158,243,QSE,Queen Star Electric
159,243,SRS,PT. Sinar Raflesia Selatan
160,243,MSS,PT. Mandiri Sukses Sentosa
164,243,TS,PT. Trimitra Swadaya
165,243,ED,CV Era Dinamika
169,243,DJA,PT. Daco Jaya Abadi
170,243,SMS,PT. Sintesa Metal Sukses
172,243,AJ,Aneka Jaya
175,243,SL,PT. Syncrum Logistic
176,243,PPS,PT. Pasar Pagi Sukses
177,243,BJ,PD. Bintang Jaya
178,243,ADSI,PT. Astra Daido Steel Indonesia
182,243,FJM,PT. Fanah Jaya Maindo
183,243,BMC,PT. Baja Mandiri Cemerlang
184,243,ASI,PT. Assab Steels Indonesia
185,243,BM,PT. Bintangmas Minomanunggal
188,243,AME,PT. Advan Metal Engineering
189,243,PN,CV. Prima Nusantara
190,243,AM,PT. AMCo MultiTech
191,243,CSM,PT. Cahaya Sukses Mandiri
194,243,YJI,PT. Yin Jin Industry
197,243,NP,CV. Nirmana Pelangi
200,243,ASP,PT. Abadi Surya Perkasa
202,243,CHJ,CV. Citra Harapan Jaya
209,243,TTI,PT. Toyota Tsusho Indonesia
214,243,TA,CV. Tirta Astro
222,243,JSSI,PT. JFE Shoji Steel Indonesia
226,243,DPL,PT. Dena Pella Lestari
232,243,ISTW,PT. Indonesia Steel Tube Works
243,243,PT. ONE HEART SOLUTION,Pekerjaan re-lay out partisi line welding Plant A
254,243,AD,PT. Altius Adhikarsa
260,243,USC,PT. United Steel Center Indonesia
261,243,HSSI,PT. Hanwa Steel Service Indonesia
262,243,PSI,PT. Posmi Steel Indonesia
263,243,FSI,PT. Fuji Seat Indonesia
264,243,SCI,PT. Steel Center Indonesia
267,243,WZS,PT. Weng Zheng Steel
269,243,ISC,PT. Indojapan Steel Center
273,243,APM,CV. Adrian Pratama Metal
274,243,CGSM,PT. Citra Galvalindo Sukses Mandiri
276,243,DPP,PT. Dharma Pprecision Parts
278,243,Sari,Bu Sari
279,243,Hotel,Citra Grand Hotel
280,243,BR,CV. Bertindo
281,243,NKC,Neoform LG 2500
282,243,PENNY SARINING ASIH,Payment for catering sai employee 16-22 september 2014
283,243,JPK,Payment for JPK Periode 1-15 September 2014
284,243,PT. Care Indonesia Solution,Pelunasan Fee Psikotest Karyawan PT. SAI
285,243,PT. EXCELLENT INFOTAMA KREASINDO,Pembayaran Excellent Zimbra VPS/Cloud Server Tipe Premium
286,243,MEI,PT. Meiwa Indonesia
287,243,NKC,PT. Nur Kartika Cemerlang
288,243,PMTI,PT. Parker Metal Treatment Indonesia
289,243,STEP,PT. Sari Takagi Elok Produk
290,243,PF,Purnama Fotocopy
1,244,KSJ,PT. Komando Si Jalak Yogyakarta
1,257,Indra, Sumijono,Indra, Sumijono/Rekan
21,286,ADW,PT. Adyawinsa Dinamika
123,286,KP,PT. Kianis Pratama
124,286,MSS,CV. MITRA SARANA SOLUSI
126,286,RM,Ratu Mandiri
127,286,IGA,Inti Guna Agrawisesa
128,286,HP,PT. Hiromindo Perkasa
129,286,HCC,Harco Computer Centre
131,286,EP,Enceha Pacific
132,286,NI,Nusa Indah
132,286,NIJU,PT. Nusa Indah Jaya Utama
133,286,JSU,CV. Johar Semesta Utama
134,286,GE,CV. Gema Electrik
135,286,MT,Mitra Technindo
140,286,MMJ,Mekar Mas Jaya
141,286,BELT,PT. Bima Estetika Lestari Tangguh
142,286,OHS,PT. OHS
143,286,IIGI,PT. Iwatani Industrial Gas Indonesia
144,286,GI,CV. Garish Indoespec
146,286,JSB,UD. Jaya Selang Baru
147,286,OLM,PT. Omega Lestari Mandiri
148,286,CT,PT. Catra Toolsindo
149,286,PB,Prima Ban
150,286,KRI,PT. Krisbow Indonesia
153,286,PAP,PT. Petrotec Air Power
154,286,MKJ,PT. Metacom Karunia Jaya
155,286,KSJ,PT. Komando Si Jalak Yogyakarta
157,286,JC,CV. Jasa Cemerlang
158,286,QSE,Queen Star Electric
159,286,SRS,PT. Sinar Raflesia Selatan
160,286,MSS,PT. Mandiri Sukses Sentosa
164,286,TS,PT. Trimitra Swadaya
165,286,ED,CV Era Dinamika
169,286,DJA,PT. Daco Jaya Abadi
170,286,SMS,PT. Sintesa Metal Sukses
172,286,AJ,Aneka Jaya
175,286,SL,PT. Syncrum Logistic
176,286,PPS,PT. Pasar Pagi Sukses
177,286,BJ,PD. Bintang Jaya
178,286,ADSI,PT. Astra Daido Steel Indonesia
182,286,FJM,PT. Fanah Jaya Maindo
183,286,BMC,PT. Baja Mandiri Cemerlang
184,286,ASI,PT. Assab Steels Indonesia
185,286,BM,PT. Bintangmas Minomanunggal
188,286,AME,PT. Advan Metal Engineering
189,286,PN,CV. Prima Nusantara
190,286,AM,PT. AMCo MultiTech
191,286,CSM,PT. Cahaya Sukses Mandiri
194,286,YJI,PT. Yin Jin Industry
197,286,NP,CV. Nirmana Pelangi
200,286,ASP,PT. Abadi Surya Perkasa
202,286,CHJ,CV. Citra Harapan Jaya
209,286,TTI,PT. Toyota Tsusho Indonesia
214,286,TA,CV. Tirta Astro
222,286,JSSI,PT. JFE Shoji Steel Indonesia
226,286,DPL,PT. Dena Pella Lestari
232,286,ISTW,PT. Indonesia Steel Tube Works
243,286,PT. ONE HEART SOLUTION,Pekerjaan re-lay out partisi line welding Plant A
254,286,AD,PT. Altius Adhikarsa
260,286,USC,PT. United Steel Center Indonesia
261,286,HSSI,PT. Hanwa Steel Service Indonesia
262,286,PSI,PT. Posmi Steel Indonesia
263,286,FSI,PT. Fuji Seat Indonesia
264,286,SCI,PT. Steel Center Indonesia
267,286,WZS,PT. Weng Zheng Steel
269,286,ISC,PT. Indojapan Steel Center
273,286,APM,CV. Adrian Pratama Metal
274,286,CGSM,PT. Citra Galvalindo Sukses Mandiri
276,286,DPP,PT. Dharma Pprecision Parts
278,286,Sari,Bu Sari
279,286,Hotel,Citra Grand Hotel
280,286,BR,CV. Bertindo
281,286,NKC,Neoform LG 2500
282,286,PENNY SARINING ASIH,Payment for catering sai employee 16-22 september 2014
283,286,JPK,Payment for JPK Periode 1-15 September 2014
284,286,PT. Care Indonesia Solution,Pelunasan Fee Psikotest Karyawan PT. SAI
285,286,PT. EXCELLENT INFOTAMA KREASINDO,Pembayaran Excellent Zimbra VPS/Cloud Server Tipe Premium
286,286,MEI,PT. Meiwa Indonesia
287,286,NKC,PT. Nur Kartika Cemerlang
288,286,PMTI,PT. Parker Metal Treatment Indonesia
289,286,STEP,PT. Sari Takagi Elok Produk
290,286,PF,Purnama Fotocopy
1,289,QSE,Queen Start Electric
1,291,OLM,PT. Omega Lestari Mandiri
1,294,JSB,UD. Jaya Selang Baru
2,294,JSU,CV. Johar Semesta Utama
1,298,Mandiri IDR227,Bank Mandiri IDR 227
2,298,Mandiri USD940,Bank Mandiri USD 940
1,303,Hotel,NULL
1,312,IDR 227,Mandiri IDR 227
2,312,USD 940,Mandiri USD 940
3,312,IDR 777,Mandiri 777
1,315,IDR 001,Bangkok Bank IDR 001
2,315,USD 401,Bangkok Bank USD 401
1,327,IDR 221,BII IDR 221
